No,Column1,location,stdt,eddt,damagearea,경도,위도,상태
1,0,경기평택,2019-08-26,2019-08-26,0.01,127.0037131,37.02303199,인근좌표
2,1,경기포천,2019-09-29,2019-09-30,0.16,127.237579,37.96766787,인근좌표
3,2,경기평택,2019-10-12,2019-10-12,0.03,127.0037131,37.02303199,인근좌표
4,3,경기안양,2019-10-19,2019-10-19,0.01,126.9027706,37.40454384,인근좌표
5,4,경기가평,2019-11-07,2019-11-07,0.25,127.4076594,37.8112458,인근좌표
6,5,경기남양주,2019-11-09,2019-11-09,0.01,127.2580035,37.64296989,인근좌표
7,6,경기성남,2019-11-21,2019-11-21,0.01,127.1037334,37.43511843,인근좌표
8,7,경기양평,2019-11-28,2019-11-28,0.09,127.5810959,37.51899594,인근좌표
9,8,경기광주,2019-11-28,2019-11-28,0.1,127.2917767,37.4004581,인근좌표
10,9,경기파주,2019-11-29,2019-11-29,0.01,126.8077119,37.84944357,인근좌표
11,10,경기광주,2019-12-02,2019-12-02,0.01,127.2917767,37.4004581,인근좌표
12,11,경기광주,2019-12-28,2019-12-28,0.33,127.2917767,37.4004581,인근좌표
13,12,경기포천,2019-12-29,2019-12-29,0.01,127.237579,37.96766787,인근좌표
14,13,경기성남,2019-03-31,2019-03-31,0.01,127.1037334,37.43511843,인근좌표
15,14,경기남양주,2019-04-02,2019-04-02,0.05,127.2580035,37.64296989,인근좌표
16,15,경기가평,2019-04-02,2019-04-02,0.6,127.4076594,37.8112458,인근좌표
17,16,경기포천,2019-04-02,2019-04-02,1,127.237579,37.96766787,인근좌표
18,17,경기안성,2019-04-03,2019-04-03,0.05,127.3059003,37.02476089,인근좌표
19,18,경기가평,2019-04-03,2019-04-03,3.5,127.4076594,37.8112458,인근좌표
20,19,경기양평,2019-04-03,2019-04-03,0.14,127.5810959,37.51899594,인근좌표
21,20,경기포천,2019-04-04,2019-04-04,0.2,127.237579,37.96766787,인근좌표
22,21,경기파주,2019-04-04,2019-04-04,2,126.8077119,37.84944357,인근좌표
23,22,경기남양주,2019-04-04,2019-04-04,0.02,127.2580035,37.64296989,인근좌표
24,23,경기연천,2019-04-04,2019-04-04,0.3,127.0268198,38.08507414,인근좌표
25,24,경기용인,2019-04-04,2019-04-04,0.1,127.2400364,37.22209372,인근좌표
26,25,경기고양,2019-04-05,2019-04-05,1,126.8993676,37.66019018,인근좌표
27,26,경기고양,2019-04-07,2019-04-07,0.04,126.8993676,37.66019018,인근좌표
28,27,경기평택,2019-04-07,2019-04-07,0.01,127.0037131,37.02303199,인근좌표
29,28,경기이천,2019-04-08,2019-04-08,0.06,127.4520008,37.20146617,인근좌표
30,29,경기성남,2019-04-08,2019-04-08,0.6,127.1037334,37.43511843,인근좌표
31,30,경기안성,2019-04-08,2019-04-08,0.03,127.3059003,37.02476089,인근좌표
32,31,경기하남,2019-04-08,2019-04-08,0.09,127.2110935,37.5303375,인근좌표
33,32,경기평택,2019-04-09,2019-04-09,1.5,127.0037131,37.02303199,인근좌표
34,33,경기포천,2019-04-09,2019-04-09,0.16,127.237579,37.96766787,인근좌표
35,34,경기가평,2019-04-09,2019-04-09,0.7,127.4076594,37.8112458,인근좌표
36,35,경기양평,2019-04-13,2019-04-13,0.02,127.5810959,37.51899594,인근좌표
37,36,경기평택,2019-04-13,2019-04-13,0.03,127.0037131,37.02303199,인근좌표
38,37,경기남양주,2019-04-13,2019-04-13,0.06,127.2580035,37.64296989,인근좌표
39,38,경기고양,2019-04-15,2019-04-15,0.01,126.8993676,37.66019018,인근좌표
40,39,경기김포,2019-04-16,2019-04-16,0.04,126.6015557,37.68465337,인근좌표
41,40,경기가평,2019-04-17,2019-04-17,0.1,127.4076594,37.8112458,인근좌표
42,41,경기시흥,2019-04-17,2019-04-17,0.02,126.8335661,37.39397721,인근좌표
43,42,경기포천,2021-02-12,2021-02-12,0.02,127.237579,37.96766787,인근좌표
44,43,경기용인,2021-02-12,2021-02-12,0.02,127.2400364,37.22209372,인근좌표
45,44,경기양평,2021-02-12,2021-02-12,0.06,127.5810959,37.51899594,인근좌표
46,45,경기파주,2021-02-12,2021-02-12,0.02,126.8077119,37.84944357,인근좌표
47,46,경기여주,2021-02-14,2021-02-14,0.06,127.644285,37.28762711,인근좌표
48,47,경기용인,2021-02-15,2021-02-15,0.08,127.2400364,37.22209372,인근좌표
49,48,경기의정부,2021-02-23,2021-02-23,0.01,127.0666545,37.73305139,인근좌표
50,49,경기포천,2021-02-23,2021-02-23,0.03,127.237579,37.96766787,인근좌표
51,50,경기광주,2021-02-23,2021-02-23,0.66,127.2917767,37.4004581,인근좌표
52,51,경기성남,2021-02-25,2021-02-25,0.03,127.1037334,37.43511843,인근좌표
53,52,경기포천,2021-02-26,2021-02-26,0.03,127.237579,37.96766787,인근좌표
54,53,경기화성,2021-02-26,2021-02-26,0.06,126.9162557,37.15266119,인근좌표
55,54,경기용인,2021-02-26,2021-02-26,0.05,127.2400364,37.22209372,인근좌표
56,55,경기연천,2021-02-26,2021-02-26,1.5,127.0268198,38.08507414,인근좌표
57,56,경기화성,2021-02-27,2021-02-27,0.1,126.9162557,37.15266119,인근좌표
58,57,경기시흥,2021-02-27,2021-02-27,0.06,126.8335661,37.39397721,인근좌표
59,58,경기양평,2021-02-27,2021-02-27,0.1,127.5810959,37.51899594,인근좌표
60,59,경기광주,2021-02-27,2021-02-27,0.16,127.2917767,37.4004581,인근좌표
61,60,경기고양,2021-02-27,2021-02-27,0.1,126.8993676,37.66019018,인근좌표
62,61,경기양평,2021-02-28,2021-02-28,0.05,127.5810959,37.51899594,인근좌표
63,62,경기의왕,2021-03-07,2021-03-07,0.01,126.9891898,37.35795112,인근좌표
64,63,경기포천,2021-03-10,2021-03-10,0.5,127.237579,37.96766787,인근좌표
65,64,경기광주,2021-03-14,2021-03-14,0.01,127.2917767,37.4004581,인근좌표
66,65,경기화성,2021-03-15,2021-03-15,0.4,126.9162557,37.15266119,인근좌표
67,66,경기파주,2021-03-15,2021-03-15,0.3,126.8077119,37.84944357,인근좌표
68,67,경기오산,2021-03-17,2021-03-17,0.2,127.051305,37.1630728,인근좌표
69,68,경기여주,2021-03-19,2021-03-19,0.05,127.644285,37.28762711,인근좌표
70,69,경기파주,2021-03-19,2021-03-19,0.7,126.8077119,37.84944357,인근좌표
71,70,경기여주,2021-03-20,2021-03-20,0.2,127.644285,37.28762711,인근좌표
72,71,경기안산,2021-03-21,2021-03-21,0.04,126.8574791,37.32275536,인근좌표
73,72,경기포천,2021-03-23,2021-03-23,0.05,127.237579,37.96766787,인근좌표
74,73,경기광주,2021-03-25,2021-03-25,0.1,127.2917767,37.4004581,인근좌표
75,74,경기용인,2021-03-26,2021-03-26,0.01,127.2400364,37.22209372,인근좌표
76,75,경기용인,2021-03-26,2021-03-26,0.03,127.2400364,37.22209372,인근좌표
77,76,경기남양주,2021-01-01,2021-01-01,0.03,127.2580035,37.64296989,인근좌표
78,77,경기광주,2021-01-01,2021-01-01,0.07,127.2917767,37.4004581,인근좌표
79,78,경기파주,2021-01-02,2021-01-02,0.03,126.8077119,37.84944357,인근좌표
80,79,경기고양,2021-01-02,2021-01-02,0.01,126.8993676,37.66019018,인근좌표
81,80,경기포천,2021-01-03,2021-01-03,0.03,127.237579,37.96766787,인근좌표
82,81,경기의정부,2021-01-05,2021-01-05,0.05,127.0666545,37.73305139,인근좌표
83,82,경기양평,2021-01-06,2021-01-06,0.01,127.5810959,37.51899594,인근좌표
84,83,경기김포,2021-01-06,2021-01-06,0.02,126.6015557,37.68465337,인근좌표
85,84,경기파주,2021-11-04,2021-11-04,0.03,126.8077119,37.84944357,인근좌표
86,85,경기화성,2021-11-05,2021-11-05,0.03,126.9162557,37.15266119,인근좌표
87,86,경기안양,2021-11-06,2021-11-06,0.03,126.9027706,37.40454384,인근좌표
88,87,경기평택,2021-11-07,2021-11-07,0.1,127.0037131,37.02303199,인근좌표
89,88,경기고양,2021-12-04,2021-12-04,0.03,126.8993676,37.66019018,인근좌표
90,89,경기포천,2021-02-12,2021-02-12,0.02,127.237579,37.96766787,인근좌표
91,90,경기연천,2019-04-17,2019-04-17,0.02,127.0268198,38.08507414,인근좌표
92,91,경기안성,2019-04-17,2019-04-17,2,127.3059003,37.02476089,인근좌표
93,92,경기양평,2019-04-17,2019-04-17,0.12,127.5810959,37.51899594,인근좌표
94,93,경기양평,2019-04-17,2019-04-17,0.09,127.5810959,37.51899594,인근좌표
95,94,경기연천,2019-04-19,2019-04-19,0.03,127.0268198,38.08507414,인근좌표
96,95,경기성남,2019-04-19,2019-04-19,0.01,127.1037334,37.43511843,인근좌표
97,96,경기양평,2019-04-20,2019-04-20,0.06,127.5810959,37.51899594,인근좌표
98,97,경기평택,2019-04-20,2019-04-20,0.06,127.0037131,37.02303199,인근좌표
99,98,경기양평,2019-04-21,2019-04-21,0.3,127.5810959,37.51899594,인근좌표
100,99,경기시흥,2019-04-22,2019-04-22,0.02,126.8335661,37.39397721,인근좌표
101,100,경기남양주,2019-04-22,2019-04-22,0.02,127.2580035,37.64296989,인근좌표
102,101,경기광주,2019-04-23,2019-04-23,0.01,127.2917767,37.4004581,인근좌표
103,102,경기연천,2019-05-02,2019-05-02,0.01,127.0268198,38.08507414,인근좌표
104,103,경기고양,2019-05-03,2019-05-03,0.5,126.8993676,37.66019018,인근좌표
105,104,경기광주,2019-05-04,2019-05-04,0.01,127.2917767,37.4004581,인근좌표
106,105,경기양평,2019-05-06,2019-05-06,0.15,127.5810959,37.51899594,인근좌표
107,106,경기동두천,2019-05-07,2019-05-07,0.09,127.0669893,37.92058118,인근좌표
108,107,경기포천,2019-05-07,2019-05-07,1,127.237579,37.96766787,인근좌표
109,108,경기여주,2019-05-07,2019-05-07,1.5,127.644285,37.28762711,인근좌표
110,109,경기가평,2019-05-07,2019-05-07,0.01,127.4076594,37.8112458,인근좌표
111,110,경기화성,2019-05-08,2019-05-08,0.09,126.9162557,37.15266119,인근좌표
112,111,경기고양,2019-05-08,2019-05-08,0.01,126.8993676,37.66019018,인근좌표
113,112,경기가평,2019-05-08,2019-05-08,0.01,127.4076594,37.8112458,인근좌표
114,113,경기파주,2019-05-09,2019-05-09,0.01,126.8077119,37.84944357,인근좌표
115,114,경기화성,2019-05-10,2019-05-10,0.06,126.9162557,37.15266119,인근좌표
116,115,경기화성,2019-05-11,2019-05-11,0.09,126.9162557,37.15266119,인근좌표
117,116,경기화성,2019-05-11,2019-05-11,0.06,126.9162557,37.15266119,인근좌표
118,117,경기동두천,2019-05-11,2019-05-11,2,127.0669893,37.92058118,인근좌표
119,118,경기양평,2019-05-11,2019-05-11,0.02,127.5810959,37.51899594,인근좌표
120,119,경기가평,2019-05-11,2019-05-11,0.2,127.4076594,37.8112458,인근좌표
121,120,경기남양주,2019-05-12,2019-05-12,0.01,127.2580035,37.64296989,인근좌표
122,121,경기파주,2019-05-12,2019-05-12,0.08,126.8077119,37.84944357,인근좌표
123,122,경기평택,2019-05-13,2019-05-13,0.02,127.0037131,37.02303199,인근좌표
124,123,경기평택,2019-05-13,2019-05-13,0.01,127.0037131,37.02303199,인근좌표
125,124,경기양평,2019-05-14,2019-05-14,0.15,127.5810959,37.51899594,인근좌표
126,125,경기남양주,2019-05-15,2019-05-15,0.01,127.2580035,37.64296989,인근좌표
127,126,경기남양주,2019-05-17,2019-05-17,0.01,127.2580035,37.64296989,인근좌표
128,127,경기수원,2019-05-18,2019-05-18,0.04,127.0029967,37.31811976,인근좌표
129,128,경기안산,2019-05-18,2019-05-18,0.1,126.8574791,37.32275536,인근좌표
130,129,경기가평,2019-05-18,2019-05-18,0.01,127.4076594,37.8112458,인근좌표
131,130,경기여주,2019-05-22,2019-05-22,0.5,127.644285,37.28762711,인근좌표
132,131,경기파주,2019-05-24,2019-05-24,0.05,126.8077119,37.84944357,인근좌표
133,132,경기이천,2019-05-26,2019-05-26,0.01,127.4520008,37.20146617,인근좌표
134,133,경기가평,2019-05-29,2019-05-29,0.02,127.4076594,37.8112458,인근좌표
135,134,경기남양주,2019-06-03,2019-06-03,0.1,127.2580035,37.64296989,인근좌표
136,135,경기안성,2019-06-04,2019-06-04,0.03,127.3059003,37.02476089,인근좌표
137,136,경기성남,2019-06-04,2019-06-04,0.01,127.1037334,37.43511843,인근좌표
138,137,경기화성,2019-06-25,2019-06-25,0.09,126.9162557,37.15266119,인근좌표
139,138,경기남양주,2019-07-04,2019-07-04,0.1,127.2580035,37.64296989,인근좌표
140,139,경기성남,2019-07-08,2019-07-08,0.03,127.1037334,37.43511843,인근좌표
141,140,경기하남,2019-07-08,2019-07-08,0.03,127.2110935,37.5303375,인근좌표
142,141,경기포천,2019-07-09,2019-07-09,0.2,127.237579,37.96766787,인근좌표
143,142,경기남양주,2021-01-01,2021-01-01,0.03,127.2580035,37.64296989,인근좌표
144,143,경기광주,2021-01-01,2021-01-01,0.07,127.2917767,37.4004581,인근좌표
145,144,경기파주,2021-01-02,2021-01-02,0.03,126.8077119,37.84944357,인근좌표
146,145,경기고양,2021-01-02,2021-01-02,0.01,126.8993676,37.66019018,인근좌표
147,146,경기포천,2021-01-03,2021-01-03,0.03,127.237579,37.96766787,인근좌표
148,147,경기의정부,2021-01-05,2021-01-05,0.05,127.0666545,37.73305139,인근좌표
149,148,경기남양주,2021-01-01,2021-01-01,0.03,127.2580035,37.64296989,인근좌표
150,149,경기광주,2021-01-01,2021-01-01,0.07,127.2917767,37.4004581,인근좌표
151,150,경기파주,2021-01-02,2021-01-02,0.03,126.8077119,37.84944357,인근좌표
152,151,경기고양,2021-01-02,2021-01-02,0.01,126.8993676,37.66019018,인근좌표
153,152,경기포천,2021-01-03,2021-01-03,0.03,127.237579,37.96766787,인근좌표
154,153,경기의정부,2021-01-05,2021-01-05,0.05,127.0666545,37.73305139,인근좌표
155,154,경기양평,2021-01-06,2021-01-06,0.01,127.5810959,37.51899594,인근좌표
156,155,경기김포,2021-01-06,2021-01-06,0.02,126.6015557,37.68465337,인근좌표
157,156,경기파주,2021-11-04,2021-11-04,0.03,126.8077119,37.84944357,인근좌표
158,157,경기화성,2021-11-05,2021-11-05,0.03,126.9162557,37.15266119,인근좌표
159,158,경기안양,2021-11-06,2021-11-06,0.03,126.9027706,37.40454384,인근좌표
160,159,경기평택,2021-11-07,2021-11-07,0.1,127.0037131,37.02303199,인근좌표
161,160,경기고양,2021-12-04,2021-12-04,0.03,126.8993676,37.66019018,인근좌표
162,161,경기포천,2021-02-12,2021-02-12,0.02,127.237579,37.96766787,인근좌표
163,162,경기용인,2021-02-12,2021-02-12,0.02,127.2400364,37.22209372,인근좌표
164,163,경기양평,2021-02-12,2021-02-12,0.06,127.5810959,37.51899594,인근좌표
165,164,경기파주,2021-02-12,2021-02-12,0.02,126.8077119,37.84944357,인근좌표
166,165,경기남양주,2021-01-01,2021-01-01,0.03,127.2580035,37.64296989,인근좌표
167,166,경기광주,2021-01-01,2021-01-01,0.07,127.2917767,37.4004581,인근좌표
168,167,경기파주,2021-01-02,2021-01-02,0.03,126.8077119,37.84944357,인근좌표
169,168,경기고양,2021-01-02,2021-01-02,0.01,126.8993676,37.66019018,인근좌표
170,169,경기포천,2021-01-03,2021-01-03,0.03,127.237579,37.96766787,인근좌표
171,170,경기의정부,2021-01-05,2021-01-05,0.05,127.0666545,37.73305139,인근좌표
172,171,경기양평,2021-01-06,2021-01-06,0.01,127.5810959,37.51899594,인근좌표
173,172,경기김포,2021-01-06,2021-01-06,0.02,126.6015557,37.68465337,인근좌표
174,173,경기파주,2021-11-04,2021-11-04,0.03,126.8077119,37.84944357,인근좌표
175,174,경기화성,2021-11-05,2021-11-05,0.03,126.9162557,37.15266119,인근좌표
176,175,경기안양,2021-11-06,2021-11-06,0.03,126.9027706,37.40454384,인근좌표
177,176,경기평택,2021-11-07,2021-11-07,0.1,127.0037131,37.02303199,인근좌표
178,177,경기고양,2021-12-04,2021-12-04,0.03,126.8993676,37.66019018,인근좌표
179,178,경기광주,2019-01-03,2019-01-03,0.05,127.2917767,37.4004581,인근좌표
180,179,경기평택,2019-01-07,2019-01-07,0.01,127.0037131,37.02303199,인근좌표
181,180,경기남양주,2019-01-07,2019-01-07,0.2,127.2580035,37.64296989,인근좌표
182,181,경기양평,2019-01-08,2019-01-08,0.8,127.5810959,37.51899594,인근좌표
183,182,경기파주,2019-01-09,2019-01-09,0.02,126.8077119,37.84944357,인근좌표
184,183,경기이천,2019-01-09,2019-01-09,0.1,127.4520008,37.20146617,인근좌표
185,184,경기하남,2019-11-05,2019-11-05,0.2,127.2110935,37.5303375,인근좌표
186,185,경기파주,2019-12-02,2019-12-02,0.04,126.8077119,37.84944357,인근좌표
187,186,경기안성,2019-12-03,2019-12-03,0.33,127.3059003,37.02476089,인근좌표
188,187,경기파주,2019-12-04,2019-12-04,0.08,126.8077119,37.84944357,인근좌표
189,188,경기가평,2019-12-04,2019-12-05,5,127.4076594,37.8112458,인근좌표
190,189,경기포천,2019-12-06,2019-12-06,0.03,127.237579,37.96766787,인근좌표
191,190,경기평택,2019-12-06,2019-12-06,0.02,127.0037131,37.02303199,인근좌표
192,191,경기화성,2019-12-07,2019-12-07,0.01,126.9162557,37.15266119,인근좌표
193,192,경기연천,2019-12-07,2019-12-07,0.2,127.0268198,38.08507414,인근좌표
194,193,경기구리,2019-12-08,2019-12-08,1.45,129.4206627,35.70495594,인근좌표
195,194,경기안산,2019-12-08,2019-12-08,0.02,126.8574791,37.32275536,인근좌표
196,195,경기용인,2019-12-08,2019-12-08,0.18,127.2400364,37.22209372,인근좌표
197,196,경기화성,2019-12-09,2019-12-09,0.16,126.9162557,37.15266119,인근좌표
198,197,경기광주,2019-12-09,2019-12-09,0.04,127.2917767,37.4004581,인근좌표
199,198,경기파주,2019-01-31,2019-01-31,0.05,126.8077119,37.84944357,인근좌표
200,199,경기남양주,2019-02-01,2019-02-01,0.01,127.2580035,37.64296989,인근좌표
201,200,경기구리,2019-02-07,2019-02-07,0.01,129.4206627,35.70495594,인근좌표
202,201,경기동두천,2019-02-08,2019-02-08,0.86,127.0669893,37.92058118,인근좌표
203,202,경기여주,2019-02-10,2019-02-10,0.12,127.644285,37.28762711,인근좌표
204,203,경기시흥,2019-02-11,2019-02-11,0.06,126.8335661,37.39397721,인근좌표
205,204,경기파주,2019-02-13,2019-02-13,0.02,126.8077119,37.84944357,인근좌표
206,205,경기오산,2019-02-13,2019-02-13,0.15,127.051305,37.1630728,인근좌표
207,206,경기동두천,2019-02-14,2019-02-14,0.8,127.0669893,37.92058118,인근좌표
208,207,경기하남,2019-02-14,2019-02-14,0.01,127.2110935,37.5303375,인근좌표
209,208,경기포천,2019-02-23,2019-02-23,0.2,127.237579,37.96766787,인근좌표
210,209,경기남양주,2019-02-23,2019-02-23,0.09,127.2580035,37.64296989,인근좌표
211,210,경기성남,2019-02-26,2019-02-26,0.01,127.1037334,37.43511843,인근좌표
212,211,경기남양주,2019-02-26,2019-02-26,0.03,127.2580035,37.64296989,인근좌표
213,212,경기구리,2019-03-01,2019-03-01,0.03,129.4206627,35.70495594,인근좌표
214,213,경기광주,2019-03-02,2019-03-02,0.05,127.2917767,37.4004581,인근좌표
215,214,경기남양주,2019-03-02,2019-03-02,0.16,127.2580035,37.64296989,인근좌표
216,215,경기양주,2019-03-02,2019-03-03,0.2,127.0141132,37.80569311,인근좌표
217,216,경기양평,2019-03-03,2019-03-03,0.06,127.5810959,37.51899594,인근좌표
218,217,경기하남,2019-03-03,2019-03-03,0.01,127.2110935,37.5303375,인근좌표
219,218,경기평택,2019-03-03,2019-03-03,0.01,127.0037131,37.02303199,인근좌표
220,219,경기가평,2019-03-03,2019-03-03,0.1,127.4076594,37.8112458,인근좌표
221,220,경기양주,2019-03-03,2019-03-03,0.03,127.0141132,37.80569311,인근좌표
222,221,경기양주,2019-03-04,2019-03-04,0.06,127.0141132,37.80569311,인근좌표
223,222,경기과천,2019-03-04,2019-03-05,0.1,127.0038933,37.43419438,인근좌표
224,223,경기포천,2019-03-05,2019-03-05,1,127.237579,37.96766787,인근좌표
225,224,경기성남,2019-03-06,2019-03-06,0.01,127.1037334,37.43511843,인근좌표
226,225,경기화성,2019-03-06,2019-03-06,0.06,126.9162557,37.15266119,인근좌표
227,226,경기안산,2019-03-07,2019-03-07,0.03,126.8574791,37.32275536,인근좌표
228,227,경기연천,2019-03-07,2019-03-07,0.3,127.0268198,38.08507414,인근좌표
229,228,경기고양,2019-03-07,2019-03-07,0.01,126.8993676,37.66019018,인근좌표
230,229,경기양평,2019-03-07,2019-03-07,0.15,127.5810959,37.51899594,인근좌표
231,230,경기양평,2019-03-08,2019-03-08,0.03,127.5810959,37.51899594,인근좌표
232,231,경기가평,2019-03-08,2019-03-08,0.1,127.4076594,37.8112458,인근좌표
233,232,경기성남,2019-03-08,2019-03-08,0.1,127.1037334,37.43511843,인근좌표
234,233,경기안성,2019-03-08,2019-03-08,0.01,127.3059003,37.02476089,인근좌표
235,234,경기광주,2019-03-08,2019-03-09,0.04,127.2917767,37.4004581,인근좌표
236,235,경기군포,2019-03-09,2019-03-09,0.02,126.9207146,37.34179669,인근좌표
237,236,경기포천,2019-03-09,2019-03-09,0.08,127.237579,37.96766787,인근좌표
238,237,경기평택,2019-03-09,2019-03-09,0.06,127.0037131,37.02303199,인근좌표
239,238,경기포천,2019-03-09,2019-03-09,0.3,127.237579,37.96766787,인근좌표
240,239,경기이천,2019-03-10,2019-03-10,0.03,127.4520008,37.20146617,인근좌표
241,240,경기포천,2019-03-13,2019-03-13,0.16,127.237579,37.96766787,인근좌표
242,241,경기고양,2019-03-13,2019-03-13,0.2,126.8993676,37.66019018,인근좌표
243,242,경기양평,2019-03-13,2019-03-13,0.15,127.5810959,37.51899594,인근좌표
244,243,경기파주,2019-03-13,2019-03-13,0.08,126.8077119,37.84944357,인근좌표
245,244,경기남양주,2019-03-14,2019-03-14,0.03,127.2580035,37.64296989,인근좌표
246,245,경기안산,2019-03-17,2019-03-17,0.01,126.8574791,37.32275536,인근좌표
247,246,경기평택,2019-03-18,2019-03-18,0.03,127.0037131,37.02303199,인근좌표
248,247,경기연천,2019-03-19,2019-03-19,0.03,127.0268198,38.08507414,인근좌표
249,248,경기가평,2019-03-19,2019-03-19,1,127.4076594,37.8112458,인근좌표
250,249,경기안성,2019-03-19,2019-03-19,0.03,127.3059003,37.02476089,인근좌표
251,250,경기구리,2019-03-24,2019-03-24,0.05,129.4206627,35.70495594,인근좌표
252,251,경기고양,2019-03-27,2019-03-27,0.01,126.8993676,37.66019018,인근좌표
253,252,경기시흥,2019-03-28,2019-03-28,0.1,126.8335661,37.39397721,인근좌표
254,253,경기양평,2019-03-28,2019-03-28,0.15,127.5810959,37.51899594,인근좌표
255,254,경기광주,2019-03-29,2019-03-29,0.67,127.2917767,37.4004581,인근좌표
256,255,경기남양주,2019-03-29,2019-03-29,0.3,127.2580035,37.64296989,인근좌표
257,256,경기용인,2021-02-12,2021-02-12,0.02,127.2400364,37.22209372,인근좌표
258,257,경기화성,2020-03-22,2020-03-22,0.1,126.9162557,37.15266119,인근좌표
259,258,경기동두천,2020-03-22,2020-03-22,0.2,127.0669893,37.92058118,인근좌표
260,259,경기파주,2020-03-22,2020-03-22,0.3,126.8077119,37.84944357,인근좌표
261,260,경기이천,2020-03-22,2020-03-22,0.3,127.4520008,37.20146617,인근좌표
262,261,경기광주,2020-03-23,2020-03-23,0.06,127.2917767,37.4004581,인근좌표
263,262,경기양평,2020-03-23,2020-03-23,1,127.5810959,37.51899594,인근좌표
264,263,경기양평,2020-03-23,2020-03-23,0.01,127.5810959,37.51899594,인근좌표
265,264,경기용인,2020-03-23,2020-03-23,0.16,127.2400364,37.22209372,인근좌표
266,265,경기화성,2020-03-24,2020-03-24,0.05,126.9162557,37.15266119,인근좌표
267,266,경기포천,2020-03-24,2020-03-24,0.5,127.237579,37.96766787,인근좌표
268,267,경기화성,2020-03-24,2020-03-24,0.03,126.9162557,37.15266119,인근좌표
269,268,경기광주,2020-03-24,2020-03-24,0.01,127.2917767,37.4004581,인근좌표
270,269,경기수원,2020-03-24,2020-03-24,0.01,127.0029967,37.31811976,인근좌표
271,270,경기포천,2020-03-25,2020-03-25,0.5,127.237579,37.96766787,인근좌표
272,271,경기안성,2020-03-25,2020-03-25,0.1,127.3059003,37.02476089,인근좌표
273,272,경기여주,2020-03-25,2020-03-25,0.06,127.644285,37.28762711,인근좌표
274,273,경기여주,2020-03-25,2020-03-25,0.05,127.644285,37.28762711,인근좌표
275,274,경기남양주,2020-03-25,2020-03-25,0.02,127.2580035,37.64296989,인근좌표
276,275,경기포천,2020-03-25,2020-03-25,0.05,127.237579,37.96766787,인근좌표
277,276,경기남양주,2020-03-26,2020-03-26,0.33,127.2580035,37.64296989,인근좌표
278,277,경기광주,2020-03-26,2020-03-26,0.02,127.2917767,37.4004581,인근좌표
279,278,경기오산,2020-03-28,2020-03-28,0.01,127.051305,37.1630728,인근좌표
280,279,경기안양,2020-03-28,2020-03-28,0.08,126.9027706,37.40454384,인근좌표
281,280,경기고양,2020-03-29,2020-03-29,0.04,126.8993676,37.66019018,인근좌표
282,281,경기화성,2020-03-29,2020-03-29,0.1,126.9162557,37.15266119,인근좌표
283,282,경기파주,2020-03-29,2020-03-29,0.03,126.8077119,37.84944357,인근좌표
284,283,경기가평,2020-03-29,2020-03-29,0.28,127.4076594,37.8112458,인근좌표
285,284,경기가평,2020-03-29,2020-03-29,0.54,127.4076594,37.8112458,인근좌표
286,285,경기양평,2020-03-30,2020-03-30,1,127.5810959,37.51899594,인근좌표
287,286,경기하남,2020-03-30,2020-03-30,0.05,127.2110935,37.5303375,인근좌표
288,287,경기고양,2020-03-30,2020-03-30,0.03,126.8993676,37.66019018,인근좌표
289,288,경기평택,2020-04-01,2020-04-01,3.75,127.0037131,37.02303199,인근좌표
290,289,경기가평,2020-04-01,2020-04-01,0.3,127.4076594,37.8112458,인근좌표
291,290,경기고양,2020-04-01,2020-04-01,1,126.8993676,37.66019018,인근좌표
292,291,경기파주,2020-04-01,2020-04-01,0.66,126.8077119,37.84944357,인근좌표
293,292,경기용인,2020-04-01,2020-04-01,0.17,127.2400364,37.22209372,인근좌표
294,293,경기파주,2020-04-02,2020-04-02,1.65,126.8077119,37.84944357,인근좌표
295,294,경기의왕,2020-04-02,2020-04-02,0.46,126.9891898,37.35795112,인근좌표
296,295,경기평택,2020-04-02,2020-04-03,0.01,127.0037131,37.02303199,인근좌표
297,296,경기가평,2020-04-03,2020-04-03,0.11,127.4076594,37.8112458,인근좌표
298,297,경기여주,2020-04-03,2020-04-03,0.03,127.644285,37.28762711,인근좌표
299,298,경기파주,2020-04-04,2020-04-04,0.06,126.8077119,37.84944357,인근좌표
300,299,경기의왕,2020-04-04,2020-04-04,1,126.9891898,37.35795112,인근좌표
301,300,경기남양주,2020-04-04,2020-04-04,6.2,127.2580035,37.64296989,인근좌표
302,301,경기시흥,2020-04-04,2020-04-04,0.05,126.8335661,37.39397721,인근좌표
303,302,경기양평,2020-04-05,2020-04-05,0.09,127.5810959,37.51899594,인근좌표
304,303,경기파주,2020-04-05,2020-04-05,0.2,126.8077119,37.84944357,인근좌표
305,304,경기화성,2020-04-05,2020-04-05,0.2,126.9162557,37.15266119,인근좌표
306,305,경기광주,2020-04-05,2020-04-05,2.7,127.2917767,37.4004581,인근좌표
307,306,경기파주,2020-04-05,2020-04-05,0.1,126.8077119,37.84944357,인근좌표
308,307,경기양주,2020-04-05,2020-04-05,0.01,127.0141132,37.80569311,인근좌표
309,308,경기시흥,2020-04-06,2020-04-06,0.03,126.8335661,37.39397721,인근좌표
310,309,경기남양주,2020-04-06,2020-04-06,0.1,127.2580035,37.64296989,인근좌표
311,310,경기의왕,2020-04-06,2020-04-06,0.06,126.9891898,37.35795112,인근좌표
312,311,경기파주,2020-04-07,2020-04-07,0.03,126.8077119,37.84944357,인근좌표
313,312,경기의왕,2020-04-08,2020-04-08,0.13,126.9891898,37.35795112,인근좌표
314,313,경기연천,2020-04-08,2020-04-08,0.1,127.0268198,38.08507414,인근좌표
315,314,경기파주,2020-04-08,2020-04-08,0.5,126.8077119,37.84944357,인근좌표
316,315,경기안양,2020-04-09,2020-04-09,0.64,126.9027706,37.40454384,인근좌표
317,316,경기남양주,2020-04-09,2020-04-09,1,127.2580035,37.64296989,인근좌표
318,317,경기여주,2020-04-09,2020-04-09,0.7,127.644285,37.28762711,인근좌표
319,318,경기여주,2020-04-10,2020-04-10,0.01,127.644285,37.28762711,인근좌표
320,319,경기고양,2020-04-10,2020-04-10,0.09,126.8993676,37.66019018,인근좌표
321,320,경기남양주,2020-04-10,2020-04-10,0.02,127.2580035,37.64296989,인근좌표
322,321,경기남양주,2020-04-10,2020-04-10,0.3,127.2580035,37.64296989,인근좌표
323,322,경기여주,2020-04-11,2020-04-11,0.01,127.644285,37.28762711,인근좌표
324,323,경기광주,2020-04-12,2020-04-12,0.06,127.2917767,37.4004581,인근좌표
325,324,경기평택,2020-04-12,2020-04-12,0.03,127.0037131,37.02303199,인근좌표
326,325,경기광주,2020-04-12,2020-04-12,0.06,127.2917767,37.4004581,인근좌표
327,326,경기고양,2020-04-12,2020-04-12,0.06,126.8993676,37.66019018,인근좌표
328,327,경기평택,2020-04-13,2020-04-13,0.05,127.0037131,37.02303199,인근좌표
329,328,경기남양주,2020-04-13,2020-04-13,0.1,127.2580035,37.64296989,인근좌표
330,329,경기오산,2020-04-13,2020-04-13,0.01,127.051305,37.1630728,인근좌표
331,330,경기가평,2020-04-13,2020-04-13,2.75,127.4076594,37.8112458,인근좌표
332,331,경기남양주,2020-04-14,2020-04-14,0.5,127.2580035,37.64296989,인근좌표
333,332,경기남양주,2020-04-14,2020-04-14,0.7,127.2580035,37.64296989,인근좌표
334,333,경기수원,2020-04-14,2020-04-14,3.56,127.0029967,37.31811976,인근좌표
335,334,경기시흥,2020-04-14,2020-04-14,0.13,126.8335661,37.39397721,인근좌표
336,335,경기과천,2020-04-14,2020-04-14,0.07,127.0038933,37.43419438,인근좌표
337,336,경기용인,2020-04-08,2020-04-08,0.09,127.2400364,37.22209372,인근좌표
338,337,경기광주,2020-04-14,2020-04-14,0.01,127.2917767,37.4004581,인근좌표
339,338,경기평택,2020-04-15,2020-04-15,0.25,127.0037131,37.02303199,인근좌표
340,339,경기평택,2020-04-15,2020-04-15,0.03,127.0037131,37.02303199,인근좌표
341,340,경기안성,2020-04-15,2020-04-15,0.1,127.3059003,37.02476089,인근좌표
342,341,경기안성,2020-04-15,2020-04-15,0.02,127.3059003,37.02476089,인근좌표
343,342,경기여주,2020-04-15,2020-04-16,0.1,127.644285,37.28762711,인근좌표
344,343,경기화성,2020-04-16,2020-04-16,0.01,126.9162557,37.15266119,인근좌표
345,344,경기군포,2020-04-16,2020-04-16,0.03,126.9207146,37.34179669,인근좌표
346,345,경기시흥,2020-04-16,2020-04-16,0.15,126.8335661,37.39397721,인근좌표
347,346,경기화성,2020-04-18,2020-04-18,0.01,126.9162557,37.15266119,인근좌표
348,347,경기화성,2020-04-18,2020-04-18,0.01,126.9162557,37.15266119,인근좌표
349,348,경기여주,2020-04-22,2020-04-22,0.01,127.644285,37.28762711,인근좌표
350,349,경기포천,2020-04-26,2020-04-26,0.5,127.237579,37.96766787,인근좌표
351,350,경기여주,2020-04-26,2020-04-26,0.01,127.644285,37.28762711,인근좌표
352,351,경기군포,2020-04-26,2020-04-26,0.33,126.9207146,37.34179669,인근좌표
353,352,경기연천,2020-04-27,2020-04-27,0.1,127.0268198,38.08507414,인근좌표
354,353,경기가평,2020-04-27,2020-04-27,0.02,127.4076594,37.8112458,인근좌표
355,354,경기연천,2020-04-28,2020-04-28,0.1,127.0268198,38.08507414,인근좌표
356,355,경기이천,2020-04-28,2020-04-28,0.05,127.4520008,37.20146617,인근좌표
357,356,경기화성,2020-04-29,2020-04-29,0.01,126.9162557,37.15266119,인근좌표
358,357,경기용인,2020-04-29,2020-04-29,0.05,127.2400364,37.22209372,인근좌표
359,358,경기포천,2020-04-29,2020-04-29,0.2,127.237579,37.96766787,인근좌표
360,359,경기용인,2020-04-30,2020-04-30,0.01,127.2400364,37.22209372,인근좌표
361,360,경기포천,2020-04-30,2020-04-30,0.12,127.237579,37.96766787,인근좌표
362,361,경기남양주,2020-04-30,2020-04-30,0.1,127.2580035,37.64296989,인근좌표
363,362,경기가평,2020-04-30,2020-04-30,0.59,127.4076594,37.8112458,인근좌표
364,363,경기성남,2020-05-01,2020-05-01,0.01,127.1037334,37.43511843,인근좌표
365,364,경기남양주,2020-05-06,2020-05-06,0.03,127.2580035,37.64296989,인근좌표
366,365,경기포천,2020-05-07,2020-05-07,0.02,127.237579,37.96766787,인근좌표
367,366,경기안성,2020-05-08,2020-05-08,0.1,127.3059003,37.02476089,인근좌표
368,367,경기이천,2020-06-08,2020-06-08,0.02,127.4520008,37.20146617,인근좌표
369,368,경기양평,2020-06-09,2020-06-09,0.04,127.5810959,37.51899594,인근좌표
370,369,경기하남,2020-06-09,2020-06-09,0.01,127.2110935,37.5303375,인근좌표
371,370,경기안성,2020-06-09,2020-06-09,0.1,127.3059003,37.02476089,인근좌표
372,371,경기남양주,2020-06-14,2020-06-14,0.02,127.2580035,37.64296989,인근좌표
373,372,경기화성,2020-06-16,2020-06-16,0.01,126.9162557,37.15266119,인근좌표
374,373,경기김포,2020-06-20,2020-06-20,0.02,126.6015557,37.68465337,인근좌표
375,374,경기고양,2020-06-20,2020-06-20,0.01,126.8993676,37.66019018,인근좌표
376,375,경기의왕,2020-06-21,2020-06-21,0.06,126.9891898,37.35795112,인근좌표
377,376,경기하남,2020-06-22,2020-06-22,0.07,127.2110935,37.5303375,인근좌표
378,377,경기광명,2020-06-23,2020-06-23,0.01,126.8674732,37.44833711,인근좌표
379,378,경기광명,2020-06-23,2020-06-23,0.01,126.8674732,37.44833711,인근좌표
380,379,경기가평,2020-10-07,2020-10-07,0.01,127.4076594,37.8112458,인근좌표
381,380,경기가평,2020-10-17,2020-10-17,0.01,127.4076594,37.8112458,인근좌표
382,381,경기군포,2020-10-19,2020-10-19,0.4,126.9207146,37.34179669,인근좌표
383,382,경기광주,2020-10-28,2020-10-28,0.1,127.2917767,37.4004581,인근좌표
384,383,경기화성,2020-10-29,2020-10-29,0.03,126.9162557,37.15266119,인근좌표
385,384,경기양평,2020-10-29,2020-10-29,0.1,127.5810959,37.51899594,인근좌표
386,385,경기의정부,2020-10-30,2020-10-30,0.04,127.0666545,37.73305139,인근좌표
387,386,경기파주,2020-10-31,2020-10-31,0.06,126.8077119,37.84944357,인근좌표
388,387,경기김포,2020-10-31,2020-10-31,0.05,126.6015557,37.68465337,인근좌표
389,388,경기성남,2020-11-04,2020-11-04,0.03,127.1037334,37.43511843,인근좌표
390,389,경기포천,2020-11-08,2020-11-08,0.01,127.237579,37.96766787,인근좌표
391,390,경기양주,2020-11-08,2020-11-08,0.03,127.0141132,37.80569311,인근좌표
392,391,경기포천,2020-12-01,2020-12-01,0.05,127.237579,37.96766787,인근좌표
393,392,경기파주,2020-12-02,2020-12-02,0.01,126.8077119,37.84944357,인근좌표
394,393,경기동두천,2020-12-04,2020-12-04,0.15,127.0669893,37.92058118,인근좌표
395,394,경기안성,2020-12-04,2020-12-04,0.05,127.3059003,37.02476089,인근좌표
396,395,경기포천,2020-12-06,2020-12-06,0.01,127.237579,37.96766787,인근좌표
397,396,경기여주,2020-12-07,2020-12-07,0.16,127.644285,37.28762711,인근좌표
398,397,경기고양,2020-12-07,2020-12-07,0.02,126.8993676,37.66019018,인근좌표
399,398,경기화성,2020-12-09,2020-12-09,0.07,126.9162557,37.15266119,인근좌표
400,399,경기하남,2020-01-30,2020-01-30,0.03,127.2110935,37.5303375,인근좌표
401,400,경기시흥,2020-02-01,2020-02-01,0.03,126.8335661,37.39397721,인근좌표
402,401,경기안성,2020-02-04,2020-02-04,0.06,127.3059003,37.02476089,인근좌표
403,402,경기용인,2020-02-04,2020-02-04,0.2,127.2400364,37.22209372,인근좌표
404,403,경기여주,2020-02-05,2020-02-05,0.09,127.644285,37.28762711,인근좌표
405,404,경기파주,2020-02-08,2020-02-08,0.01,126.8077119,37.84944357,인근좌표
406,405,경기파주,2020-02-08,2020-02-08,0.03,126.8077119,37.84944357,인근좌표
407,406,경기성남,2020-02-09,2020-02-09,0.01,127.1037334,37.43511843,인근좌표
408,407,경기평택,2020-02-10,2020-02-10,0.01,127.0037131,37.02303199,인근좌표
409,408,경기파주,2020-02-11,2020-02-11,0.03,126.8077119,37.84944357,인근좌표
410,409,경기동두천,2020-02-11,2020-02-11,0.2,127.0669893,37.92058118,인근좌표
411,410,경기여주,2020-02-11,2020-02-11,0.06,127.644285,37.28762711,인근좌표
412,411,경기파주,2020-02-24,2020-02-24,0.01,126.8077119,37.84944357,인근좌표
413,412,경기광명,2020-02-24,2020-02-24,0.01,126.8674732,37.44833711,인근좌표
414,413,경기파주,2020-03-04,2020-03-04,0.07,126.8077119,37.84944357,인근좌표
415,414,경기양평,2020-03-05,2020-03-05,0.03,127.5810959,37.51899594,인근좌표
416,415,경기이천,2020-03-05,2020-03-05,0.01,127.4520008,37.20146617,인근좌표
417,416,경기이천,2020-03-06,2020-03-06,0.2,127.4520008,37.20146617,인근좌표
418,417,경기김포,2020-03-07,2020-03-07,0.14,126.6015557,37.68465337,인근좌표
419,418,경기고양,2020-03-07,2020-03-07,0.02,126.8993676,37.66019018,인근좌표
420,419,경기남양주,2020-03-07,2020-03-07,0.15,127.2580035,37.64296989,인근좌표
421,420,경기양평,2020-03-08,2020-03-08,0.09,127.5810959,37.51899594,인근좌표
422,421,경기남양주,2020-03-09,2020-03-09,0.1,127.2580035,37.64296989,인근좌표
423,422,경기파주,2020-03-09,2020-03-09,0.01,126.8077119,37.84944357,인근좌표
424,423,경기안성,2020-03-09,2020-03-09,0.01,127.3059003,37.02476089,인근좌표
425,424,경기화성,2020-03-12,2020-03-12,0.03,126.9162557,37.15266119,인근좌표
426,425,경기시흥,2020-03-14,2020-03-14,0.03,126.8335661,37.39397721,인근좌표
427,426,경기양평,2020-03-14,2020-03-14,0.04,127.5810959,37.51899594,인근좌표
428,427,경기포천,2020-03-15,2020-03-15,0.1,127.237579,37.96766787,인근좌표
429,428,경기광명,2020-03-15,2020-03-15,0.04,126.8674732,37.44833711,인근좌표
430,429,경기여주,2020-03-15,2020-03-15,0.9,127.644285,37.28762711,인근좌표
431,430,경기안성,2020-03-15,2020-03-15,0.8,127.3059003,37.02476089,인근좌표
432,431,경기안양,2020-03-16,2020-03-16,0.07,126.9027706,37.40454384,인근좌표
433,432,경기양평,2020-03-16,2020-03-16,0.08,127.5810959,37.51899594,인근좌표
434,433,경기남양주,2020-03-17,2020-03-17,0.15,127.2580035,37.64296989,인근좌표
435,434,경기파주,2020-03-18,2020-03-18,0.03,126.8077119,37.84944357,인근좌표
436,435,경기광주,2020-03-19,2020-03-19,0.01,127.2917767,37.4004581,인근좌표
437,436,경기구리,2020-03-19,2020-03-19,1,129.4206627,35.70495594,인근좌표
438,437,경기광주,2020-03-19,2020-03-19,0.16,127.2917767,37.4004581,인근좌표
439,438,경기파주,2020-03-20,2020-03-20,0.02,126.8077119,37.84944357,인근좌표
440,439,경기남양주,2020-03-21,2020-03-21,0.17,127.2580035,37.64296989,인근좌표
441,440,경기안성,2020-03-21,2020-03-21,0.1,127.3059003,37.02476089,인근좌표
442,441,경기양평,2020-03-21,2020-03-21,0.01,127.5810959,37.51899594,인근좌표
443,442,경기포천,2020-03-21,2020-03-21,0.11,127.237579,37.96766787,인근좌표
444,443,경기여주,2020-03-22,2020-03-22,0.04,127.644285,37.28762711,인근좌표
445,444,경기광주,2020-11-03,2020-11-03,0.06,127.2917767,37.4004581,인근좌표
446,445,경기가평,2020-11-05,2020-11-05,0.03,127.4076594,37.8112458,인근좌표
447,446,경기수원,2020-11-07,2020-11-07,0.03,127.0029967,37.31811976,인근좌표
448,447,경기양평,2020-11-08,2020-11-08,0.03,127.5810959,37.51899594,인근좌표
449,448,경기동두천,2020-11-08,2020-11-08,0.5,127.0669893,37.92058118,인근좌표
450,449,경기가평,2020-11-08,2020-11-08,1.4,127.4076594,37.8112458,인근좌표
451,450,경기포천,2020-11-08,2020-11-08,0.03,127.237579,37.96766787,인근좌표
452,451,경기포천,2020-11-08,2020-11-08,0.1,127.237579,37.96766787,인근좌표
453,452,경기남양주,2020-11-08,2020-11-09,0.05,127.2580035,37.64296989,인근좌표
454,453,경기가평,2020-11-09,2020-11-09,0.18,127.4076594,37.8112458,인근좌표
455,454,경기가평,2020-11-10,2020-11-10,3,127.4076594,37.8112458,인근좌표
456,455,경기김포,2020-11-14,2020-11-14,0.26,126.6015557,37.68465337,인근좌표
457,456,경기파주,2020-11-14,2020-11-14,0.06,126.8077119,37.84944357,인근좌표
458,457,경기광주,2020-11-14,2020-11-14,0.06,127.2917767,37.4004581,인근좌표
459,458,경기포천,2020-11-15,2020-11-15,0.07,127.237579,37.96766787,인근좌표
460,459,경기성남,2020-11-16,2020-11-16,0.01,127.1037334,37.43511843,인근좌표
461,460,경기양평,2020-11-17,2020-11-17,0.01,127.5810959,37.51899594,인근좌표
462,461,경기화성,2020-12-09,2020-12-09,0.01,126.9162557,37.15266119,인근좌표
463,462,경기평택,2020-12-09,2020-12-09,0.01,127.0037131,37.02303199,인근좌표
464,463,경기의왕,2020-12-10,2020-12-10,0.01,126.9891898,37.35795112,인근좌표
465,464,경기화성,2020-12-12,2020-12-13,0.01,126.9162557,37.15266119,인근좌표
466,465,경기양평,2020-12-19,2020-12-19,0.15,127.5810959,37.51899594,인근좌표
467,466,경기안양,2020-12-23,2020-12-23,0.06,126.9027706,37.40454384,인근좌표
468,467,경기광주,2020-12-24,2020-12-24,0.05,127.2917767,37.4004581,인근좌표
469,468,경기남양주,2020-12-24,2020-12-24,0.01,127.2580035,37.64296989,인근좌표
470,469,경기평택,2020-12-27,2020-12-27,0.03,127.0037131,37.02303199,인근좌표
471,470,경기양평,2018-11-19,2018-11-19,0.06,127.5810959,37.51899594,인근좌표
472,471,경기가평,2018-11-20,2018-11-20,0.1,127.4076594,37.8112458,인근좌표
473,472,경기시흥,2018-12-08,2018-12-08,3,126.8335661,37.39397721,인근좌표
474,473,경기용인,2018-02-04,2018-02-05,0.15,127.2400364,37.22209372,인근좌표
475,474,경기화성,2018-02-05,2018-02-05,0.01,126.9162557,37.15266119,인근좌표
476,475,경기하남,2018-02-06,2018-02-06,0.04,127.2110935,37.5303375,인근좌표
477,476,경기화성,2018-02-10,2018-02-10,0.2,126.9162557,37.15266119,인근좌표
478,477,경기양주,2018-02-11,2018-02-11,0.06,127.0141132,37.80569311,인근좌표
479,478,경기광주,2018-02-13,2018-02-13,0.01,127.2917767,37.4004581,인근좌표
480,479,경기남양주,2018-02-13,2018-02-13,0.06,127.2580035,37.64296989,인근좌표
481,480,경기포천,2018-02-16,2018-02-16,0.5,127.237579,37.96766787,인근좌표
482,481,경기가평,2018-02-17,2018-02-17,0.3,127.4076594,37.8112458,인근좌표
483,482,경기안성,2018-02-17,2018-02-17,0.06,127.3059003,37.02476089,인근좌표
484,483,경기화성,2018-02-19,2018-02-19,0.01,126.9162557,37.15266119,인근좌표
485,484,경기화성,2018-02-25,2018-02-25,0.6,126.9162557,37.15266119,인근좌표
486,485,경기파주,2018-02-26,2018-02-26,0.1,126.8077119,37.84944357,인근좌표
487,486,경기파주,2018-02-26,2018-02-26,0.08,126.8077119,37.84944357,인근좌표
488,487,경기파주,2018-02-26,2018-02-26,0.09,126.8077119,37.84944357,인근좌표
489,488,경기양평,2018-03-11,2018-03-11,0.06,127.5810959,37.51899594,인근좌표
490,489,경기시흥,2018-03-11,2018-03-11,0.1,126.8335661,37.39397721,인근좌표
491,490,경기화성,2018-03-12,2018-03-12,0.03,126.9162557,37.15266119,인근좌표
492,491,경기광주,2018-03-12,2018-03-12,0.01,127.2917767,37.4004581,인근좌표
493,492,경기화성,2018-03-13,2018-03-13,0.16,126.9162557,37.15266119,인근좌표
494,493,경기파주,2018-03-13,2018-03-13,0.16,126.8077119,37.84944357,인근좌표
495,494,경기평택,2018-03-13,2018-03-13,0.08,127.0037131,37.02303199,인근좌표
496,495,경기안성,2018-03-14,2018-03-14,0.16,127.3059003,37.02476089,인근좌표
497,496,경기양평,2018-03-23,2018-03-23,0.1,127.5810959,37.51899594,인근좌표
498,497,경기파주,2018-03-25,2018-03-25,0.09,126.8077119,37.84944357,인근좌표
499,498,경기양주,2018-03-25,2018-03-25,0.16,127.0141132,37.80569311,인근좌표
500,499,경기양평,2018-03-26,2018-03-26,0.5,127.5810959,37.51899594,인근좌표
501,500,경기안성,2018-03-28,2018-03-28,0.07,127.3059003,37.02476089,인근좌표
502,501,경기파주,2018-03-28,2018-03-28,0.03,126.8077119,37.84944357,인근좌표
503,502,경기남양주,2018-03-29,2018-03-29,0.01,127.2580035,37.64296989,인근좌표
504,503,경기남양주,2018-03-30,2018-03-30,0.06,127.2580035,37.64296989,인근좌표
505,504,경기가평,2018-03-30,2018-03-30,0.5,127.4076594,37.8112458,인근좌표
506,505,경기포천,2018-03-30,2018-03-30,1.5,127.237579,37.96766787,인근좌표
507,506,경기남양주,2018-03-30,2018-03-30,0.1,127.2580035,37.64296989,인근좌표
508,507,경기수원,2018-03-31,2018-03-31,0.01,127.0029967,37.31811976,인근좌표
509,508,경기여주,2018-03-31,2018-03-31,0.5,127.644285,37.28762711,인근좌표
510,509,경기화성,2018-04-02,2018-04-02,0.09,126.9162557,37.15266119,인근좌표
511,510,경기여주,2018-04-03,2018-04-03,0.5,127.644285,37.28762711,인근좌표
512,511,경기남양주,2018-04-07,2018-04-07,0.03,127.2580035,37.64296989,인근좌표
513,512,경기고양,2018-04-10,2018-04-10,0.5,126.8993676,37.66019018,인근좌표
514,513,경기포천,2018-04-12,2018-04-12,0.1,127.237579,37.96766787,인근좌표
515,514,경기여주,2018-04-13,2018-04-13,0.5,127.644285,37.28762711,인근좌표
516,515,경기양평,2018-04-17,2018-04-17,0.1,127.5810959,37.51899594,인근좌표
517,516,경기광주,2018-04-20,2018-04-20,0.15,127.2917767,37.4004581,인근좌표
518,517,경기양평,2018-04-21,2018-04-21,0.6,127.5810959,37.51899594,인근좌표
519,518,경기광주,2018-04-21,2018-04-21,0.01,127.2917767,37.4004581,인근좌표
520,519,경기시흥,2018-04-21,2018-04-21,1,126.8335661,37.39397721,인근좌표
521,520,경기안양,2018-04-29,2018-04-29,0.15,126.9027706,37.40454384,인근좌표
522,521,경기양평,2021-02-12,2021-02-12,0.06,127.5810959,37.51899594,인근좌표
523,522,경기파주,2021-02-12,2021-02-12,0.02,126.8077119,37.84944357,인근좌표
524,523,경기남양주,2021-01-01,2021-01-01,0.03,127.2580035,37.64296989,인근좌표
525,524,경기광주,2021-01-01,2021-01-01,0.07,127.2917767,37.4004581,인근좌표
526,525,경기파주,2021-01-02,2021-01-02,0.03,126.8077119,37.84944357,인근좌표
527,526,경기고양,2021-01-02,2021-01-02,0.01,126.8993676,37.66019018,인근좌표
528,527,경기포천,2021-01-03,2021-01-03,0.03,127.237579,37.96766787,인근좌표
529,528,경기의정부,2021-01-05,2021-01-05,0.05,127.0666545,37.73305139,인근좌표
530,529,경기양평,2021-01-06,2021-01-06,0.01,127.5810959,37.51899594,인근좌표
531,530,경기김포,2021-01-06,2021-01-06,0.02,126.6015557,37.68465337,인근좌표
532,531,경기파주,2021-11-04,2021-11-04,0.03,126.8077119,37.84944357,인근좌표
533,532,경기화성,2021-11-05,2021-11-05,0.03,126.9162557,37.15266119,인근좌표
534,533,경기안양,2021-11-06,2021-11-06,0.03,126.9027706,37.40454384,인근좌표
535,534,경기평택,2021-11-07,2021-11-07,0.1,127.0037131,37.02303199,인근좌표
536,535,경기고양,2021-12-04,2021-12-04,0.03,126.8993676,37.66019018,인근좌표
537,536,경기양평,2018-06-01,2018-06-01,0.03,127.5810959,37.51899594,인근좌표
538,537,경기화성,2018-06-09,2018-06-09,0.08,126.9162557,37.15266119,인근좌표
539,538,경기안산,2018-07-29,2018-07-29,0.06,126.8574791,37.32275536,인근좌표
540,539,경기군포,2018-07-30,2018-07-30,0.01,126.9207146,37.34179669,인근좌표
541,540,경기포천,2021-02-12,2021-02-12,0.02,127.237579,37.96766787,인근좌표
542,541,경기용인,2021-02-12,2021-02-12,0.02,127.2400364,37.22209372,인근좌표
543,542,경기양평,2021-02-12,2021-02-12,0.06,127.5810959,37.51899594,인근좌표
544,543,경기파주,2021-02-12,2021-02-12,0.02,126.8077119,37.84944357,인근좌표
545,544,경기여주,2021-02-14,2021-02-14,0.06,127.644285,37.28762711,인근좌표
546,545,경기용인,2021-02-15,2021-02-15,0.08,127.2400364,37.22209372,인근좌표
547,546,경기의정부,2021-02-23,2021-02-23,0.01,127.0666545,37.73305139,인근좌표
548,547,경기포천,2021-02-23,2021-02-23,0.03,127.237579,37.96766787,인근좌표
549,548,경기광주,2021-02-23,2021-02-23,0.66,127.2917767,37.4004581,인근좌표
550,549,경기안산,2018-08-02,2018-08-02,0.01,126.8574791,37.32275536,인근좌표
551,550,경기양평,2018-08-07,2018-08-07,0.02,127.5810959,37.51899594,인근좌표
552,551,경기군포,2018-08-12,2018-08-12,0.23,126.9207146,37.34179669,인근좌표
553,552,경기안양,2018-08-15,2018-08-16,0.3,126.9027706,37.40454384,인근좌표
554,553,경기안산,2018-08-16,2018-08-16,0.01,126.8574791,37.32275536,인근좌표
555,554,경기양평,2018-08-17,2018-08-17,0.2,127.5810959,37.51899594,인근좌표
556,555,경기안양,2018-08-18,2018-08-19,0.5,126.9027706,37.40454384,인근좌표
557,556,경기화성,2018-08-20,2018-08-20,0.01,126.9162557,37.15266119,인근좌표
558,557,경기포천,2018-09-11,2018-09-11,0.04,127.237579,37.96766787,인근좌표
559,558,경기성남,2021-02-25,2021-02-25,0.03,127.1037334,37.43511843,인근좌표
560,559,경기포천,2021-02-26,2021-02-26,0.03,127.237579,37.96766787,인근좌표
561,560,경기화성,2021-02-26,2021-02-26,0.06,126.9162557,37.15266119,인근좌표
562,561,경기용인,2021-02-26,2021-02-26,0.05,127.2400364,37.22209372,인근좌표
563,562,경기연천,2021-02-26,2021-02-26,1.5,127.0268198,38.08507414,인근좌표
564,563,경기화성,2021-02-27,2021-02-27,0.1,126.9162557,37.15266119,인근좌표
565,564,경기시흥,2021-02-27,2021-02-27,0.06,126.8335661,37.39397721,인근좌표
566,565,경기양평,2021-02-27,2021-02-27,0.1,127.5810959,37.51899594,인근좌표
567,566,경기광주,2021-02-27,2021-02-27,0.16,127.2917767,37.4004581,인근좌표
568,567,경기고양,2021-02-27,2021-02-27,0.1,126.8993676,37.66019018,인근좌표
569,568,경기양평,2021-02-28,2021-02-28,0.05,127.5810959,37.51899594,인근좌표
570,569,경기의왕,2021-03-07,2021-03-07,0.01,126.9891898,37.35795112,인근좌표
571,570,경기포천,2021-03-10,2021-03-10,0.5,127.237579,37.96766787,인근좌표
572,571,경기광주,2021-03-14,2021-03-14,0.01,127.2917767,37.4004581,인근좌표
573,572,경기화성,2021-03-15,2021-03-15,0.4,126.9162557,37.15266119,인근좌표
574,573,경기파주,2021-03-15,2021-03-15,0.3,126.8077119,37.84944357,인근좌표
575,574,경기오산,2021-03-17,2021-03-17,0.2,127.051305,37.1630728,인근좌표
576,575,경기여주,2021-03-19,2021-03-19,0.05,127.644285,37.28762711,인근좌표
577,576,경기파주,2021-03-19,2021-03-19,0.7,126.8077119,37.84944357,인근좌표
578,577,경기여주,2021-03-20,2021-03-20,0.2,127.644285,37.28762711,인근좌표
579,578,경기안산,2021-03-21,2021-03-21,0.04,126.8574791,37.32275536,인근좌표
580,579,경기포천,2021-03-23,2021-03-23,0.05,127.237579,37.96766787,인근좌표
581,580,경기광주,2021-03-25,2021-03-25,0.1,127.2917767,37.4004581,인근좌표
582,581,경기용인,2021-03-26,2021-03-26,0.01,127.2400364,37.22209372,인근좌표
583,582,경기용인,2021-03-26,2021-03-26,0.03,127.2400364,37.22209372,인근좌표
584,583,경기광주,2015-03-29,2015-03-29,0.01,127.2917767,37.4004581,인근좌표
585,584,경기양주,2015-03-30,2015-03-30,0.2,127.0141132,37.80569311,인근좌표
586,585,경기안양,2015-04-02,2015-04-02,0.01,126.9027706,37.40454384,인근좌표
587,586,경기광주,2015-04-11,2015-04-11,0.01,127.2917767,37.4004581,인근좌표
588,587,경기안양,2015-04-11,2015-04-11,0.07,126.9027706,37.40454384,인근좌표
589,588,경기하남,2015-04-12,2015-04-12,0.01,127.2110935,37.5303375,인근좌표
590,589,경기용인,2015-04-12,2015-04-13,0.01,127.2400364,37.22209372,인근좌표
591,590,경기연천,2015-04-24,2015-04-24,3,127.0268198,38.08507414,인근좌표
592,591,경기가평,2015-04-25,2015-04-25,1,127.4076594,37.8112458,인근좌표
593,592,경기남양주,2015-04-25,2015-04-25,0.05,127.2580035,37.64296989,인근좌표
594,593,경기남양주,2015-04-25,2015-04-25,0.5,127.2580035,37.64296989,인근좌표
595,594,경기화성,2015-04-26,2015-04-26,0.01,126.9162557,37.15266119,인근좌표
596,595,경기여주,2015-04-27,2015-04-27,1,127.644285,37.28762711,인근좌표
597,596,경기파주,2015-04-27,2015-04-27,1,126.8077119,37.84944357,인근좌표
598,597,경기양주,2017-03-19,2017-03-19,0.9,127.0141132,37.80569311,인근좌표
599,598,경기남양주,2017-03-19,2017-03-19,0.1,127.2580035,37.64296989,인근좌표
600,599,경기가평,2017-03-19,2017-03-19,0.6,127.4076594,37.8112458,인근좌표
601,600,경기가평,2017-03-19,2017-03-19,2,127.4076594,37.8112458,인근좌표
602,601,경기포천,2017-03-19,2017-03-19,0.03,127.237579,37.96766787,인근좌표
603,602,경기안성,2017-03-21,2017-03-21,0.02,127.3059003,37.02476089,인근좌표
604,603,경기화성,2017-03-22,2017-03-22,0.4,126.9162557,37.15266119,인근좌표
605,604,경기의정부,2017-03-22,2017-03-22,0.02,127.0666545,37.73305139,인근좌표
606,605,경기양평,2017-03-23,2017-03-23,1,127.5810959,37.51899594,인근좌표
607,606,경기의정부,2017-03-23,2017-03-23,0.5,127.0666545,37.73305139,인근좌표
608,607,경기의왕,2017-03-23,2017-03-23,0.04,126.9891898,37.35795112,인근좌표
609,608,경기양평,2017-03-24,2017-03-24,0.01,127.5810959,37.51899594,인근좌표
610,609,경기광주,2017-03-24,2017-03-24,0.01,127.2917767,37.4004581,인근좌표
611,610,경기의왕,2017-03-25,2017-03-25,0.1,126.9891898,37.35795112,인근좌표
612,611,경기용인,2017-03-26,2017-03-26,0.76,127.2400364,37.22209372,인근좌표
613,612,경기안성,2017-03-27,2017-03-27,0.2,127.3059003,37.02476089,인근좌표
614,613,경기화성,2017-03-27,2017-03-27,0.3,126.9162557,37.15266119,인근좌표
615,614,경기화성,2017-03-28,2017-03-28,0.01,126.9162557,37.15266119,인근좌표
616,615,경기화성,2017-03-28,2017-03-28,0.5,126.9162557,37.15266119,인근좌표
617,616,경기연천,2017-03-29,2017-03-29,0.6,127.0268198,38.08507414,인근좌표
618,617,경기남양주,2017-03-29,2017-03-29,0.1,127.2580035,37.64296989,인근좌표
619,618,경기김포,2017-03-29,2017-03-29,0.01,126.6015557,37.68465337,인근좌표
620,619,경기양평,2017-03-29,2017-03-29,0.5,127.5810959,37.51899594,인근좌표
621,620,경기양평,2017-03-29,2017-03-31,0.26,127.5810959,37.51899594,인근좌표
622,621,경기구리,2017-03-19,2017-03-19,0.2,129.4206627,35.70495594,인근좌표
623,622,경기군포,2017-03-30,2017-03-30,0.19,126.9207146,37.34179669,인근좌표
624,623,경기여주,2017-03-30,2017-03-30,0.16,127.644285,37.28762711,인근좌표
625,624,경기양주,2017-03-30,2017-03-30,0.1,127.0141132,37.80569311,인근좌표
626,625,경기양평,2017-03-30,2017-03-30,0.15,127.5810959,37.51899594,인근좌표
627,626,경기화성,2017-03-30,2017-03-30,0.3,126.9162557,37.15266119,인근좌표
628,627,경기연천,2015-04-28,2015-04-28,0.5,127.0268198,38.08507414,인근좌표
629,628,경기양평,2015-04-28,2015-04-28,0.02,127.5810959,37.51899594,인근좌표
630,629,경기여주,2015-05-05,2015-05-05,1,127.644285,37.28762711,인근좌표
631,630,경기가평,2015-05-10,2015-05-10,0.01,127.4076594,37.8112458,인근좌표
632,631,경기포천,2015-05-11,2015-05-11,0.2,127.237579,37.96766787,인근좌표
633,632,경기과천,2015-05-17,2015-05-18,0.5,127.0038933,37.43419438,인근좌표
634,633,경기연천,2015-05-24,2015-05-24,0.2,127.0268198,38.08507414,인근좌표
635,634,경기포천,2015-05-24,2015-05-25,3,127.237579,37.96766787,인근좌표
636,635,경기연천,2015-05-25,2015-05-25,0.19,127.0268198,38.08507414,인근좌표
637,636,경기수원,2015-05-25,2015-05-25,0.01,127.0029967,37.31811976,인근좌표
638,637,경기화성,2017-04-01,2017-04-01,0.2,126.9162557,37.15266119,인근좌표
639,638,경기파주,2017-04-02,2017-04-02,0.02,126.8077119,37.84944357,인근좌표
640,639,경기화성,2017-04-03,2017-04-03,0.3,126.9162557,37.15266119,인근좌표
641,640,경기광주,2017-04-03,2017-04-03,0.2,127.2917767,37.4004581,인근좌표
642,641,경기화성,2017-04-03,2017-04-03,2.5,126.9162557,37.15266119,인근좌표
643,642,경기포천,2017-04-03,2017-04-03,0.3,127.237579,37.96766787,인근좌표
644,643,경기양평,2017-04-04,2017-04-04,0.6,127.5810959,37.51899594,인근좌표
645,644,경기양평,2017-04-04,2017-04-04,0.9,127.5810959,37.51899594,인근좌표
646,645,경기화성,2017-04-04,2017-04-04,0.1,126.9162557,37.15266119,인근좌표
647,646,경기화성,2017-04-04,2017-04-04,0.01,126.9162557,37.15266119,인근좌표
648,647,경기광주,2017-04-04,2017-04-04,0.5,127.2917767,37.4004581,인근좌표
649,648,경기파주,2017-04-04,2017-04-04,0.15,126.8077119,37.84944357,인근좌표
650,649,경기광명,2017-04-05,2017-04-05,0.1,126.8674732,37.44833711,인근좌표
651,650,경기양평,2017-04-10,2017-04-10,0.2,127.5810959,37.51899594,인근좌표
652,651,경기김포,2017-04-10,2017-04-10,0.05,126.6015557,37.68465337,인근좌표
653,652,경기동두천,2017-04-10,2017-04-10,0.1,127.0669893,37.92058118,인근좌표
654,653,경기남양주,2017-04-10,2017-04-10,0.03,127.2580035,37.64296989,인근좌표
655,654,경기남양주,2017-04-12,2017-04-12,1,127.2580035,37.64296989,인근좌표
656,655,경기포천,2017-04-12,2017-04-12,0.03,127.237579,37.96766787,인근좌표
657,656,경기남양주,2017-04-12,2017-04-12,0.16,127.2580035,37.64296989,인근좌표
658,657,경기하남,2017-04-12,2017-04-12,2.5,127.2110935,37.5303375,인근좌표
659,658,경기화성,2017-04-12,2017-04-12,0.1,126.9162557,37.15266119,인근좌표
660,659,경기의왕,2017-04-13,2017-04-13,0.17,126.9891898,37.35795112,인근좌표
661,660,경기여주,2017-04-14,2017-04-14,0.4,127.644285,37.28762711,인근좌표
662,661,경기포천,2015-05-26,2015-05-26,0.3,127.237579,37.96766787,인근좌표
663,662,경기이천,2015-05-27,2015-05-27,0.23,127.4520008,37.20146617,인근좌표
664,663,경기포천,2015-05-27,2015-05-27,0.1,127.237579,37.96766787,인근좌표
665,664,경기광주,2015-05-27,2015-05-27,0.4,127.2917767,37.4004581,인근좌표
666,665,경기남양주,2015-05-28,2015-05-28,0.7,127.2580035,37.64296989,인근좌표
667,666,경기양주,2015-05-29,2015-05-29,0.03,127.0141132,37.80569311,인근좌표
668,667,경기구리,2015-05-29,2015-05-29,0.01,129.4206627,35.70495594,인근좌표
669,668,경기양주,2015-05-29,2015-05-29,0.1,127.0141132,37.80569311,인근좌표
670,669,경기이천,2015-05-29,2015-05-30,0.75,127.4520008,37.20146617,인근좌표
671,670,경기남양주,2015-06-01,2015-06-01,0.6,127.2580035,37.64296989,인근좌표
672,671,경기포천,2015-06-01,2015-06-01,0.01,127.237579,37.96766787,인근좌표
673,672,경기남양주,2015-06-01,2015-06-01,0.3,127.2580035,37.64296989,인근좌표
674,673,경기화성,2015-06-01,2015-06-01,0.3,126.9162557,37.15266119,인근좌표
675,674,경기수원,2015-06-01,2015-06-01,0.01,127.0029967,37.31811976,인근좌표
676,675,경기용인,2015-06-01,2015-06-01,0.06,127.2400364,37.22209372,인근좌표
677,676,경기구리,2015-06-02,2015-06-02,0.03,129.4206627,35.70495594,인근좌표
678,677,경기고양,2015-06-02,2015-06-02,0.3,126.8993676,37.66019018,인근좌표
679,678,경기양주,2015-06-02,2015-06-03,0.09,127.0141132,37.80569311,인근좌표
680,679,경기남양주,2015-06-03,2015-06-03,1.5,127.2580035,37.64296989,인근좌표
681,680,경기남양주,2015-06-03,2015-06-03,0.02,127.2580035,37.64296989,인근좌표
682,681,경기포천,2015-06-03,2015-06-03,0.04,127.237579,37.96766787,인근좌표
683,682,경기광주,2015-06-03,2015-06-03,0.05,127.2917767,37.4004581,인근좌표
684,683,경기양주,2015-06-04,2015-06-04,0.09,127.0141132,37.80569311,인근좌표
685,684,경기포천,2015-06-04,2015-06-04,5,127.237579,37.96766787,인근좌표
686,685,경기연천,2015-06-04,2015-06-04,0.3,127.0268198,38.08507414,인근좌표
687,686,경기광주,2017-04-16,2017-04-16,0.15,127.2917767,37.4004581,인근좌표
688,687,경기파주,2017-04-19,2017-04-19,0.03,126.8077119,37.84944357,인근좌표
689,688,경기포천,2017-04-22,2017-04-22,0.3,127.237579,37.96766787,인근좌표
690,689,경기고양,2017-04-22,2017-04-22,0.01,126.8993676,37.66019018,인근좌표
691,690,경기가평,2017-04-23,2017-04-23,1.5,127.4076594,37.8112458,인근좌표
692,691,경기화성,2017-04-23,2017-04-23,0.15,126.9162557,37.15266119,인근좌표
693,692,경기양평,2017-04-24,2017-04-24,0.1,127.5810959,37.51899594,인근좌표
694,693,경기광명,2017-04-24,2017-04-24,0.2,126.8674732,37.44833711,인근좌표
695,694,경기가평,2017-04-24,2017-04-24,0.03,127.4076594,37.8112458,인근좌표
696,695,경기포천,2017-04-24,2017-04-24,0.01,127.237579,37.96766787,인근좌표
697,696,경기의왕,2017-04-26,2017-04-26,0.03,126.9891898,37.35795112,인근좌표
698,697,경기화성,2017-04-26,2017-04-26,0.15,126.9162557,37.15266119,인근좌표
699,698,경기양평,2017-04-27,2017-04-27,0.2,127.5810959,37.51899594,인근좌표
700,699,경기광주,2017-04-27,2017-04-27,0.17,127.2917767,37.4004581,인근좌표
701,700,경기가평,2017-04-27,2017-04-27,0.09,127.4076594,37.8112458,인근좌표
702,701,경기광주,2017-04-28,2017-04-28,1,127.2917767,37.4004581,인근좌표
703,702,경기가평,2017-04-29,2017-04-29,2,127.4076594,37.8112458,인근좌표
704,703,경기남양주,2015-06-05,2015-06-05,0.06,127.2580035,37.64296989,인근좌표
705,704,경기화성,2015-06-06,2015-06-06,0.01,126.9162557,37.15266119,인근좌표
706,705,경기포천,2015-06-06,2015-06-06,0.5,127.237579,37.96766787,인근좌표
707,706,경기포천,2015-06-07,2015-06-07,0.5,127.237579,37.96766787,인근좌표
708,707,경기구리,2015-06-07,2015-06-07,0.01,129.4206627,35.70495594,인근좌표
709,708,경기포천,2015-06-08,2015-06-08,0.3,127.237579,37.96766787,인근좌표
710,709,경기포천,2015-06-08,2015-06-08,0.01,127.237579,37.96766787,인근좌표
711,710,경기안양,2015-06-19,2015-06-19,0.02,126.9027706,37.40454384,인근좌표
712,711,경기화성,2015-06-23,2015-06-23,0.12,126.9162557,37.15266119,인근좌표
713,712,경기오산,2017-04-30,2017-04-30,0.7,127.051305,37.1630728,인근좌표
714,713,경기화성,2017-04-30,2017-04-30,0.1,126.9162557,37.15266119,인근좌표
715,714,경기연천,2017-04-30,2017-04-30,0.1,127.0268198,38.08507414,인근좌표
716,715,경기양평,2017-05-01,2017-05-01,0.1,127.5810959,37.51899594,인근좌표
717,716,경기가평,2017-05-02,2017-05-02,0.2,127.4076594,37.8112458,인근좌표
718,717,경기양평,2017-05-02,2017-05-02,0.2,127.5810959,37.51899594,인근좌표
719,718,경기가평,2017-05-03,2017-05-03,0.5,127.4076594,37.8112458,인근좌표
720,719,경기파주,2017-05-03,2017-05-03,0.2,126.8077119,37.84944357,인근좌표
721,720,경기여주,2017-05-03,2017-05-03,0.5,127.644285,37.28762711,인근좌표
722,721,경기파주,2017-05-03,2017-05-03,0.01,126.8077119,37.84944357,인근좌표
723,722,경기남양주,2017-05-06,2017-05-06,0.5,127.2580035,37.64296989,인근좌표
724,723,경기화성,2017-05-06,2017-05-06,0.06,126.9162557,37.15266119,인근좌표
725,724,경기화성,2017-05-06,2017-05-06,0.5,126.9162557,37.15266119,인근좌표
726,725,경기안양,2017-05-06,2017-05-06,0.1,126.9027706,37.40454384,인근좌표
727,726,경기김포,2017-05-06,2017-05-06,1,126.6015557,37.68465337,인근좌표
728,727,경기화성,2017-05-06,2017-05-06,0.13,126.9162557,37.15266119,인근좌표
729,728,경기수원,2014-02-26,2014-02-26,0.5,127.0029967,37.31811976,인근좌표
730,729,경기동두천,2014-02-27,2014-02-27,0.2,127.0669893,37.92058118,인근좌표
731,730,경기안성,2015-09-08,2015-09-08,0.06,127.3059003,37.02476089,인근좌표
732,731,경기화성,2015-09-15,2015-09-15,0.01,126.9162557,37.15266119,인근좌표
733,732,경기광주,2015-09-21,2015-09-21,0.02,127.2917767,37.4004581,인근좌표
734,733,경기화성,2015-09-24,2015-09-24,0.01,126.9162557,37.15266119,인근좌표
735,734,경기양주,2015-09-26,2015-09-26,0.2,127.0141132,37.80569311,인근좌표
736,735,경기안양,2015-09-27,2015-09-27,0.01,126.9027706,37.40454384,인근좌표
737,736,경기남양주,2015-09-28,2015-09-28,0.01,127.2580035,37.64296989,인근좌표
738,737,경기파주,2015-09-29,2015-09-29,0.1,126.8077119,37.84944357,인근좌표
739,738,경기안양,2015-09-29,2015-09-29,0.01,126.9027706,37.40454384,인근좌표
740,739,경기파주,2015-10-05,2015-10-05,0.2,126.8077119,37.84944357,인근좌표
741,740,경기수원,2015-10-06,2015-10-06,0.01,127.0029967,37.31811976,인근좌표
742,741,경기양주,2015-10-08,2015-10-08,0.03,127.0141132,37.80569311,인근좌표
743,742,경기의정부,2015-10-10,2015-10-10,0.1,127.0666545,37.73305139,인근좌표
744,743,경기안양,2017-05-07,2017-05-07,0.03,126.9027706,37.40454384,인근좌표
745,744,경기화성,2017-05-23,2017-05-23,0.01,126.9162557,37.15266119,인근좌표
746,745,경기구리,2017-05-27,2017-05-27,0.01,129.4206627,35.70495594,인근좌표
747,746,경기고양,2017-05-27,2017-05-27,0.03,126.8993676,37.66019018,인근좌표
748,747,경기시흥,2014-03-23,2014-03-23,0.1,126.8335661,37.39397721,인근좌표
749,748,경기연천,2014-03-28,2014-03-28,0.01,127.0268198,38.08507414,인근좌표
750,749,경기과천,2015-10-17,2015-10-18,0.3,127.0038933,37.43419438,인근좌표
751,750,경기양평,2015-11-03,2015-11-03,0.3,127.5810959,37.51899594,인근좌표
752,751,경기성남,2016-01-05,2016-01-05,0.1,127.1037334,37.43511843,인근좌표
753,752,경기남양주,2016-01-10,2016-01-10,0.2,127.2580035,37.64296989,인근좌표
754,753,경기광주,2016-11-01,2016-11-01,0.03,127.2917767,37.4004581,인근좌표
755,754,경기이천,2016-11-02,2016-11-02,0.33,127.4520008,37.20146617,인근좌표
756,755,경기광주,2016-11-05,2016-11-05,0.06,127.2917767,37.4004581,인근좌표
757,756,경기파주,2016-11-06,2016-11-07,0.5,126.8077119,37.84944357,인근좌표
758,757,경기양주,2017-06-03,2017-06-03,0.15,127.0141132,37.80569311,인근좌표
759,758,경기안양,2017-06-05,2017-06-05,0.02,126.9027706,37.40454384,인근좌표
760,759,경기양주,2017-06-05,2017-06-05,0.33,127.0141132,37.80569311,인근좌표
761,760,경기평택,2017-06-15,2017-06-15,0.16,127.0037131,37.02303199,인근좌표
762,761,경기화성,2017-06-17,2017-06-17,0.06,126.9162557,37.15266119,인근좌표
763,762,경기구리,2017-06-18,2017-06-18,0.01,129.4206627,35.70495594,인근좌표
764,763,경기가평,2017-06-18,2017-06-18,0.08,127.4076594,37.8112458,인근좌표
765,764,경기남양주,2017-06-19,2017-06-19,0.06,127.2580035,37.64296989,인근좌표
766,765,경기시흥,2014-04-05,2014-04-05,0.01,126.8335661,37.39397721,인근좌표
767,766,경기과천,2014-04-06,2014-04-06,0.12,127.0038933,37.43419438,인근좌표
768,767,경기하남,2014-04-06,2014-04-06,0.1,127.2110935,37.5303375,인근좌표
769,768,경기수원,2014-04-06,2014-04-06,0.01,127.0029967,37.31811976,인근좌표
770,769,경기광주,2014-04-06,2014-04-06,0.1,127.2917767,37.4004581,인근좌표
771,770,경기광주,2014-04-06,2014-04-06,0.1,127.2917767,37.4004581,인근좌표
772,771,경기고양,2014-04-08,2014-04-08,0.1,126.8993676,37.66019018,인근좌표
773,772,경기화성,2014-04-08,2014-04-08,0.1,126.9162557,37.15266119,인근좌표
774,773,경기남양주,2014-04-08,2014-04-08,0.01,127.2580035,37.64296989,인근좌표
775,774,경기고양,2014-04-08,2014-04-08,0.02,126.8993676,37.66019018,인근좌표
776,775,경기양평,2014-04-09,2014-04-09,0.1,127.5810959,37.51899594,인근좌표
777,776,경기남양주,2016-11-08,2016-11-08,0.2,127.2580035,37.64296989,인근좌표
778,777,경기부천,2016-12-03,2016-12-03,0.1,126.7823518,37.5062503,인근좌표
779,778,경기가평,2016-12-04,2016-12-04,0.04,127.4076594,37.8112458,인근좌표
780,779,경기가평,2016-12-05,2016-12-05,0.01,127.4076594,37.8112458,인근좌표
781,780,경기용인,2016-12-05,2016-12-05,0.09,127.2400364,37.22209372,인근좌표
782,781,경기양평,2016-12-07,2016-12-07,0.7,127.5810959,37.51899594,인근좌표
783,782,경기양평,2016-02-01,2016-02-01,0.5,127.5810959,37.51899594,인근좌표
784,783,경기남양주,2016-02-03,2016-02-03,0.15,127.2580035,37.64296989,인근좌표
785,784,경기양평,2016-02-05,2016-02-05,0.5,127.5810959,37.51899594,인근좌표
786,785,경기동두천,2016-02-05,2016-02-05,0.13,127.0669893,37.92058118,인근좌표
787,786,경기안성,2016-02-06,2016-02-06,0.01,127.3059003,37.02476089,인근좌표
788,787,경기가평,2016-02-07,2016-02-07,0.02,127.4076594,37.8112458,인근좌표
789,788,경기김포,2016-02-09,2016-02-09,0.1,126.6015557,37.68465337,인근좌표
790,789,경기화성,2016-02-09,2016-02-09,0.2,126.9162557,37.15266119,인근좌표
791,790,경기광주,2016-02-10,2016-02-10,0.6,127.2917767,37.4004581,인근좌표
792,791,경기여주,2016-02-10,2016-02-10,0.6,127.644285,37.28762711,인근좌표
793,792,경기포천,2016-02-11,2016-02-11,0.8,127.237579,37.96766787,인근좌표
794,793,경기안성,2016-02-11,2016-02-11,0.1,127.3059003,37.02476089,인근좌표
795,794,경기용인,2017-06-20,2017-06-20,0.3,127.2400364,37.22209372,인근좌표
796,795,경기광주,2017-06-21,2017-06-21,0.01,127.2917767,37.4004581,인근좌표
797,796,경기양평,2017-06-21,2017-06-21,0.04,127.5810959,37.51899594,인근좌표
798,797,경기양평,2017-06-23,2017-06-23,0.1,127.5810959,37.51899594,인근좌표
799,798,경기화성,2017-06-23,2017-06-23,0.3,126.9162557,37.15266119,인근좌표
800,799,경기하남,2017-11-07,2017-11-07,0.09,127.2110935,37.5303375,인근좌표
801,800,경기김포,2017-11-08,2017-11-08,0.02,126.6015557,37.68465337,인근좌표
802,801,경기파주,2017-11-10,2017-11-10,6.5,126.8077119,37.84944357,인근좌표
803,802,경기양평,2017-11-16,2017-11-16,0.07,127.5810959,37.51899594,인근좌표
804,803,경기양평,2017-11-16,2017-11-16,0.15,127.5810959,37.51899594,인근좌표
805,804,경기남양주,2017-11-16,2017-11-16,0.1,127.2580035,37.64296989,인근좌표
806,805,경기파주,2017-11-17,2017-11-17,0.03,126.8077119,37.84944357,인근좌표
807,806,경기안산,2014-04-14,2014-04-14,0.5,126.8574791,37.32275536,인근좌표
808,807,경기가평,2014-04-15,2014-04-15,0.02,127.4076594,37.8112458,인근좌표
809,808,경기포천,2014-04-20,2014-04-20,0.01,127.237579,37.96766787,인근좌표
810,809,경기구리,2014-04-20,2014-04-20,0.01,129.4206627,35.70495594,인근좌표
811,810,경기가평,2014-04-21,2014-04-21,0.3,127.4076594,37.8112458,인근좌표
812,811,경기가평,2014-04-22,2014-04-22,0.3,127.4076594,37.8112458,인근좌표
813,812,경기포천,2014-04-22,2014-04-22,0.1,127.237579,37.96766787,인근좌표
814,813,경기가평,2016-02-21,2016-02-21,0.01,127.4076594,37.8112458,인근좌표
815,814,경기포천,2016-02-21,2016-02-21,0.1,127.237579,37.96766787,인근좌표
816,815,경기광주,2016-02-26,2016-02-26,2.7,127.2917767,37.4004581,인근좌표
817,816,경기양주,2016-02-26,2016-02-26,0.01,127.0141132,37.80569311,인근좌표
818,817,경기가평,2016-02-27,2016-02-27,0.01,127.4076594,37.8112458,인근좌표
819,818,경기양주,2016-03-04,2016-03-04,0.06,127.0141132,37.80569311,인근좌표
820,819,경기광주,2016-03-04,2016-03-04,0.1,127.2917767,37.4004581,인근좌표
821,820,경기여주,2016-03-14,2016-03-14,0.8,127.644285,37.28762711,인근좌표
822,821,경기양주,2016-03-15,2016-03-15,0.2,127.0141132,37.80569311,인근좌표
823,822,경기양주,2016-03-16,2016-03-16,0.3,127.0141132,37.80569311,인근좌표
824,823,경기양평,2016-03-16,2016-03-16,0.2,127.5810959,37.51899594,인근좌표
825,824,경기가평,2016-03-16,2016-03-16,0.1,127.4076594,37.8112458,인근좌표
826,825,경기안성,2016-03-16,2016-03-16,2,127.3059003,37.02476089,인근좌표
827,826,경기하남,2016-03-16,2016-03-16,0.09,127.2110935,37.5303375,인근좌표
828,827,경기안산,2016-02-11,2016-02-11,0.2,126.8574791,37.32275536,인근좌표
829,828,경기양주,2016-03-16,2016-03-16,0.06,127.0141132,37.80569311,인근좌표
830,829,경기용인,2016-03-16,2016-03-16,0.09,127.2400364,37.22209372,인근좌표
831,830,경기수원,2017-11-30,2017-11-30,0.13,127.0029967,37.31811976,인근좌표
832,831,경기양평,2017-12-09,2017-12-09,0.02,127.5810959,37.51899594,인근좌표
833,832,경기군포,2017-12-10,2017-12-10,0.09,126.9207146,37.34179669,인근좌표
834,833,경기안양,2018-12-10,2018-12-10,0.01,126.9027706,37.40454384,인근좌표
835,834,경기남양주,2014-04-22,2014-04-22,0.3,127.2580035,37.64296989,인근좌표
836,835,경기포천,2014-04-22,2014-04-22,0.01,127.237579,37.96766787,인근좌표
837,836,경기가평,2014-04-23,2014-04-23,0.04,127.4076594,37.8112458,인근좌표
838,837,경기파주,2014-04-23,2014-04-23,0.08,126.8077119,37.84944357,인근좌표
839,838,경기양평,2014-04-25,2014-04-25,0.01,127.5810959,37.51899594,인근좌표
840,839,경기용인,2016-03-17,2016-03-17,0.6,127.2400364,37.22209372,인근좌표
841,840,경기양평,2016-03-18,2016-03-18,0.3,127.5810959,37.51899594,인근좌표
842,841,경기가평,2016-03-19,2016-03-19,0.03,127.4076594,37.8112458,인근좌표
843,842,경기안성,2016-03-19,2016-03-19,0.6,127.3059003,37.02476089,인근좌표
844,843,경기가평,2016-03-19,2016-03-19,0.02,127.4076594,37.8112458,인근좌표
845,844,경기양평,2016-03-21,2016-03-21,0.2,127.5810959,37.51899594,인근좌표
846,845,경기안성,2016-03-22,2016-03-22,0.6,127.3059003,37.02476089,인근좌표
847,846,경기화성,2016-03-23,2016-03-23,0.1,126.9162557,37.15266119,인근좌표
848,847,경기양평,2016-03-24,2016-03-24,0.1,127.5810959,37.51899594,인근좌표
849,848,경기포천,2016-03-24,2016-03-24,0.2,127.237579,37.96766787,인근좌표
850,849,경기남양주,2016-03-24,2016-03-24,0.5,127.2580035,37.64296989,인근좌표
851,850,경기파주,2016-03-27,2016-03-27,0.09,126.8077119,37.84944357,인근좌표
852,851,경기화성,2016-03-27,2016-03-27,0.9,126.9162557,37.15266119,인근좌표
853,852,경기화성,2016-03-28,2016-03-28,0.1,126.9162557,37.15266119,인근좌표
854,853,경기광주,2016-03-28,2016-03-28,0.3,127.2917767,37.4004581,인근좌표
855,854,경기이천,2016-03-28,2016-03-28,0.1,127.4520008,37.20146617,인근좌표
856,855,경기양주,2016-03-28,2016-03-28,0.2,127.0141132,37.80569311,인근좌표
857,856,경기화성,2016-03-28,2016-03-28,0.2,126.9162557,37.15266119,인근좌표
858,857,경기여주,2016-03-28,2016-03-28,0.04,127.644285,37.28762711,인근좌표
859,858,경기부천,2018-12-23,2018-12-23,0.3,126.7823518,37.5062503,인근좌표
860,859,경기가평,2018-12-27,2018-12-27,0.03,127.4076594,37.8112458,인근좌표
861,860,경기남양주,2018-12-28,2018-12-28,0.3,127.2580035,37.64296989,인근좌표
862,861,경기화성,2018-12-28,2018-12-28,0.02,126.9162557,37.15266119,인근좌표
863,862,경기연천,2014-05-11,2014-05-11,0.3,127.0268198,38.08507414,인근좌표
864,863,경기안성,2014-05-18,2014-05-18,0.01,127.3059003,37.02476089,인근좌표
865,864,경기안성,2014-05-20,2014-05-23,0.05,127.3059003,37.02476089,인근좌표
866,865,경기포천,2014-05-23,2014-05-23,0.01,127.237579,37.96766787,인근좌표
867,866,경기포천,2014-05-29,2014-05-29,0.02,127.237579,37.96766787,인근좌표
868,867,경기안산,2014-05-29,2014-05-30,0.1,126.8574791,37.32275536,인근좌표
869,868,경기광주,2016-03-30,2016-03-30,0.1,127.2917767,37.4004581,인근좌표
870,869,경기남양주,2016-03-30,2016-03-30,0.8,127.2580035,37.64296989,인근좌표
871,870,경기포천,2016-03-30,2016-03-30,0.1,127.237579,37.96766787,인근좌표
872,871,경기양주,2016-03-31,2016-03-31,8.3,127.0141132,37.80569311,인근좌표
873,872,경기하남,2016-03-31,2016-03-31,0.1,127.2110935,37.5303375,인근좌표
874,873,경기안양,2016-03-31,2016-03-31,0.4,126.9027706,37.40454384,인근좌표
875,874,경기포천,2016-03-31,2016-03-31,0.06,127.237579,37.96766787,인근좌표
876,875,경기광주,2016-04-01,2016-04-01,2.6,127.2917767,37.4004581,인근좌표
877,876,경기이천,2016-04-01,2016-04-01,1,127.4520008,37.20146617,인근좌표
878,877,경기광주,2016-04-01,2016-04-01,0.3,127.2917767,37.4004581,인근좌표
879,878,경기양평,2016-04-01,2016-04-01,0.3,127.5810959,37.51899594,인근좌표
880,879,경기광주,2016-04-02,2016-04-03,2,127.2917767,37.4004581,인근좌표
881,880,경기광주,2016-04-02,2016-04-02,1,127.2917767,37.4004581,인근좌표
882,881,경기가평,2016-04-02,2016-04-02,7,127.4076594,37.8112458,인근좌표
883,882,경기안산,2014-07-07,2014-07-07,0.01,126.8574791,37.32275536,인근좌표
884,883,경기구리,2014-07-12,2014-07-12,0.01,129.4206627,35.70495594,인근좌표
885,884,경기가평,2014-07-18,2014-07-18,0.01,127.4076594,37.8112458,인근좌표
886,885,경기김포,2014-07-20,2014-07-20,0.6,126.6015557,37.68465337,인근좌표
887,886,경기남양주,2014-10-13,2014-10-13,0.02,127.2580035,37.64296989,인근좌표
888,887,경기양평,2014-10-16,2014-10-17,0.1,127.5810959,37.51899594,인근좌표
889,888,경기양평,2014-10-17,2014-10-17,0.5,127.5810959,37.51899594,인근좌표
890,889,경기양평,2014-10-17,2014-10-18,0.3,127.5810959,37.51899594,인근좌표
891,890,경기고양,2014-11-04,2014-11-04,0.02,126.8993676,37.66019018,인근좌표
892,891,경기용인,2014-11-09,2014-11-09,0.01,127.2400364,37.22209372,인근좌표
893,892,경기의정부,2014-11-10,2014-11-10,0.01,127.0666545,37.73305139,인근좌표
894,893,경기광주,2014-11-15,2014-11-15,0.1,127.2917767,37.4004581,인근좌표
895,894,경기남양주,2014-11-19,2014-11-19,0.01,127.2580035,37.64296989,인근좌표
896,895,경기연천,2014-11-21,2014-11-21,0.01,127.0268198,38.08507414,인근좌표
897,896,경기파주,2014-12-08,2014-12-08,0.01,126.8077119,37.84944357,인근좌표
898,897,경기포천,2016-04-04,2016-04-04,0.2,127.237579,37.96766787,인근좌표
899,898,경기고양,2016-04-04,2016-04-04,0.39,126.8993676,37.66019018,인근좌표
900,899,경기파주,2016-04-05,2016-04-05,0.2,126.8077119,37.84944357,인근좌표
901,900,경기용인,2016-04-05,2016-04-05,0.16,127.2400364,37.22209372,인근좌표
902,901,경기이천,2016-04-06,2016-04-06,0.5,127.4520008,37.20146617,인근좌표
903,902,경기시흥,2016-04-06,2016-04-06,0.5,126.8335661,37.39397721,인근좌표
904,903,경기광주,2016-04-06,2016-04-06,0.6,127.2917767,37.4004581,인근좌표
905,904,경기군포,2016-04-06,2016-04-06,0.1,126.9207146,37.34179669,인근좌표
906,905,경기포천,2016-04-08,2016-04-08,0.5,127.237579,37.96766787,인근좌표
907,906,경기이천,2016-04-10,2016-04-10,0.06,127.4520008,37.20146617,인근좌표
908,907,경기파주,2016-04-10,2016-04-10,2,126.8077119,37.84944357,인근좌표
909,908,경기하남,2016-04-10,2016-04-10,0.1,127.2110935,37.5303375,인근좌표
910,909,경기화성,2016-04-11,2016-04-11,0.09,126.9162557,37.15266119,인근좌표
911,910,경기화성,2016-04-11,2016-04-11,0.35,126.9162557,37.15266119,인근좌표
912,911,경기동두천,2016-04-11,2016-04-11,0.06,127.0669893,37.92058118,인근좌표
913,912,경기하남,2016-04-12,2016-04-12,0.5,127.2110935,37.5303375,인근좌표
914,913,경기포천,2016-04-15,2016-04-15,0.03,127.237579,37.96766787,인근좌표
915,914,경기남양주,2016-04-15,2016-04-15,0.08,127.2580035,37.64296989,인근좌표
916,915,경기가평,2016-04-16,2016-04-16,0.7,127.4076594,37.8112458,인근좌표
917,916,경기가평,2016-04-16,2016-04-16,0.1,127.4076594,37.8112458,인근좌표
918,917,경기양주,2016-04-16,2016-04-16,0.01,127.0141132,37.80569311,인근좌표
919,918,경기시흥,2016-04-29,2016-04-29,0.1,126.8335661,37.39397721,인근좌표
920,919,경기광주,2016-05-14,2016-05-14,0.13,127.2917767,37.4004581,인근좌표
921,920,경기파주,2015-01-31,2015-02-01,0.13,126.8077119,37.84944357,인근좌표
922,921,경기광주,2015-02-04,2015-02-04,0.05,127.2917767,37.4004581,인근좌표
923,922,경기양주,2015-02-12,2015-02-12,0.01,127.0141132,37.80569311,인근좌표
924,923,경기광주,2015-02-12,2015-02-12,0.01,127.2917767,37.4004581,인근좌표
925,924,경기안성,2015-02-13,2015-02-13,0.01,127.3059003,37.02476089,인근좌표
926,925,경기양주,2015-02-26,2015-02-26,0.01,127.0141132,37.80569311,인근좌표
927,926,경기김포,2015-02-27,2015-02-27,0.01,126.6015557,37.68465337,인근좌표
928,927,경기고양,2015-02-27,2015-02-27,0.05,126.8993676,37.66019018,인근좌표
929,928,경기화성,2015-03-01,2015-03-01,0.01,126.9162557,37.15266119,인근좌표
930,929,경기화성,2016-05-20,2016-05-20,0.17,126.9162557,37.15266119,인근좌표
931,930,경기성남,2016-06-02,2016-06-02,0.1,127.1037334,37.43511843,인근좌표
932,931,경기광주,2016-06-05,2016-06-05,0.06,127.2917767,37.4004581,인근좌표
933,932,경기하남,2016-06-05,2016-06-06,0.49,127.2110935,37.5303375,인근좌표
934,933,경기과천,2016-06-06,2016-06-06,0.6,127.0038933,37.43419438,인근좌표
935,934,경기포천,2016-06-10,2016-06-10,0.1,127.237579,37.96766787,인근좌표
936,935,경기가평,2016-07-11,2016-07-11,0.01,127.4076594,37.8112458,인근좌표
937,936,경기양평,2015-03-06,2015-03-06,0.01,127.5810959,37.51899594,인근좌표
938,937,경기양평,2015-03-06,2015-03-06,0.01,127.5810959,37.51899594,인근좌표
939,938,경기양평,2015-03-07,2015-03-07,0.01,127.5810959,37.51899594,인근좌표
940,939,경기양평,2015-03-07,2015-03-07,0.01,127.5810959,37.51899594,인근좌표
941,940,경기화성,2015-03-08,2015-03-08,0.01,126.9162557,37.15266119,인근좌표
942,941,경기가평,2015-03-09,2015-03-09,0.2,127.4076594,37.8112458,인근좌표
943,942,경기김포,2015-03-10,2015-03-10,0.05,126.6015557,37.68465337,인근좌표
944,943,경기화성,2015-03-10,2015-03-10,0.05,126.9162557,37.15266119,인근좌표
945,944,경기남양주,2015-03-10,2015-03-10,0.01,127.2580035,37.64296989,인근좌표
946,945,경기김포,2015-03-11,2015-03-11,0.02,126.6015557,37.68465337,인근좌표
947,946,경기광주,2015-03-11,2015-03-11,0.01,127.2917767,37.4004581,인근좌표
948,947,경기고양,2016-09-26,2016-09-26,0.01,126.8993676,37.66019018,인근좌표
949,948,경기안양,2016-10-22,2016-10-23,0.03,126.9027706,37.40454384,인근좌표
950,949,경기남양주,2016-11-24,2016-11-24,0.03,127.2580035,37.64296989,인근좌표
951,950,경기과천,2016-11-29,2016-11-29,0.06,127.0038933,37.43419438,인근좌표
952,951,경기과천,2016-12-01,2016-12-01,0.03,127.0038933,37.43419438,인근좌표
953,952,경기포천,2016-12-06,2016-12-06,0.05,127.237579,37.96766787,인근좌표
954,953,경기안성,2016-12-15,2016-12-15,0.05,127.3059003,37.02476089,인근좌표
955,954,경기화성,2016-12-16,2016-12-16,0.04,126.9162557,37.15266119,인근좌표
956,955,경기고양,2016-12-21,2016-12-21,0.06,126.8993676,37.66019018,인근좌표
957,956,경기용인,2017-01-10,2017-01-10,0.2,127.2400364,37.22209372,인근좌표
958,957,경기군포,2017-11-05,2017-11-05,0.06,126.9207146,37.34179669,인근좌표
959,958,경기연천,2017-11-05,2017-11-05,0.2,127.0268198,38.08507414,인근좌표
960,959,경기포천,2017-11-09,2017-11-09,0.05,127.237579,37.96766787,인근좌표
961,960,경기양평,2017-11-09,2017-11-09,0.08,127.5810959,37.51899594,인근좌표
962,961,경기광주,2015-03-12,2015-03-12,0.01,127.2917767,37.4004581,인근좌표
963,962,경기가평,2015-03-13,2015-03-13,0.05,127.4076594,37.8112458,인근좌표
964,963,경기화성,2015-03-13,2015-03-13,0.01,126.9162557,37.15266119,인근좌표
965,964,경기고양,2015-03-14,2015-03-14,0.01,126.8993676,37.66019018,인근좌표
966,965,경기가평,2015-03-14,2015-03-14,0.05,127.4076594,37.8112458,인근좌표
967,966,경기광주,2015-03-14,2015-03-14,0.4,127.2917767,37.4004581,인근좌표
968,967,경기가평,2015-03-14,2015-03-14,0.01,127.4076594,37.8112458,인근좌표
969,968,경기고양,2015-03-14,2015-03-14,0.01,126.8993676,37.66019018,인근좌표
970,969,경기안양,2015-03-14,2015-03-14,0.01,126.9027706,37.40454384,인근좌표
971,970,경기양평,2015-03-14,2015-03-14,0.2,127.5810959,37.51899594,인근좌표
972,971,경기안산,2015-03-14,2015-03-14,0.01,126.8574791,37.32275536,인근좌표
973,972,경기가평,2015-03-15,2015-03-15,0.01,127.4076594,37.8112458,인근좌표
974,973,경기화성,2015-03-17,2015-03-17,0.01,126.9162557,37.15266119,인근좌표
975,974,경기가평,2017-02-12,2017-02-12,0.3,127.4076594,37.8112458,인근좌표
976,975,경기화성,2017-02-12,2017-02-12,0.3,126.9162557,37.15266119,인근좌표
977,976,경기양평,2017-02-15,2017-02-15,0.01,127.5810959,37.51899594,인근좌표
978,977,경기광주,2017-02-16,2017-02-16,0.45,127.2917767,37.4004581,인근좌표
979,978,경기화성,2017-02-16,2017-02-16,0.2,126.9162557,37.15266119,인근좌표
980,979,경기양평,2017-02-18,2017-02-18,0.06,127.5810959,37.51899594,인근좌표
981,980,경기가평,2017-03-03,2017-03-03,0.1,127.4076594,37.8112458,인근좌표
982,981,경기안성,2017-03-04,2017-03-04,0.1,127.3059003,37.02476089,인근좌표
983,982,경기연천,2015-03-20,2015-03-20,0.01,127.0268198,38.08507414,인근좌표
984,983,경기동두천,2015-03-20,2015-03-20,0.04,127.0669893,37.92058118,인근좌표
985,984,경기남양주,2015-03-20,2015-03-20,0.05,127.2580035,37.64296989,인근좌표
986,985,경기안산,2015-03-21,2015-03-21,0.01,126.8574791,37.32275536,인근좌표
987,986,경기동두천,2015-03-21,2015-03-21,0.01,127.0669893,37.92058118,인근좌표
988,987,경기안산,2015-03-21,2015-03-21,0.01,126.8574791,37.32275536,인근좌표
989,988,경기남양주,2015-03-21,2015-03-21,0.05,127.2580035,37.64296989,인근좌표
990,989,경기양주,2015-03-21,2015-03-21,0.05,127.0141132,37.80569311,인근좌표
991,990,경기남양주,2015-03-21,2015-03-21,0.01,127.2580035,37.64296989,인근좌표
992,991,경기김포,2015-03-22,2015-03-22,0.01,126.6015557,37.68465337,인근좌표
993,992,경기파주,2015-03-22,2015-03-22,0.5,126.8077119,37.84944357,인근좌표
994,993,경기연천,2015-03-22,2015-03-22,0.01,127.0268198,38.08507414,인근좌표
995,994,경기파주,2015-03-22,2015-03-22,0.2,126.8077119,37.84944357,인근좌표
996,995,경기여주,2015-03-22,2015-03-22,50.7,127.644285,37.28762711,인근좌표
997,996,경기고양,2015-03-22,2015-03-22,2,126.8993676,37.66019018,인근좌표
998,997,경기시흥,2015-03-22,2015-03-22,0.1,126.8335661,37.39397721,인근좌표
999,998,경기남양주,2015-03-22,2015-03-22,0.02,127.2580035,37.64296989,인근좌표
1000,999,경기화성,2015-03-22,2015-03-22,0.01,126.9162557,37.15266119,인근좌표
1001,1000,경기가평,2015-03-22,2015-03-22,0.02,127.4076594,37.8112458,인근좌표
1002,1001,경기포천,2015-03-22,2015-03-23,2,127.237579,37.96766787,인근좌표
1003,1002,경기파주,2015-03-22,2015-03-22,0.01,126.8077119,37.84944357,인근좌표
1004,1003,경기양평,2015-03-22,2015-03-23,4.9,127.5810959,37.51899594,인근좌표
1005,1004,경기광주,2015-03-22,2015-03-22,0.02,127.2917767,37.4004581,인근좌표
1006,1005,경기포천,2015-03-22,2015-03-23,0.2,127.237579,37.96766787,인근좌표
1007,1006,경기화성,2015-03-23,2015-03-23,0.01,126.9162557,37.15266119,인근좌표
1008,1007,경기남양주,2015-03-23,2015-03-23,0.01,127.2580035,37.64296989,인근좌표
1009,1008,경기화성,2017-03-08,2017-03-08,0.16,126.9162557,37.15266119,인근좌표
1010,1009,경기화성,2017-03-09,2017-03-09,0.01,126.9162557,37.15266119,인근좌표
1011,1010,경기가평,2017-03-10,2017-03-10,0.05,127.4076594,37.8112458,인근좌표
1012,1011,경기양주,2017-03-10,2017-03-10,0.1,127.0141132,37.80569311,인근좌표
1013,1012,경기양평,2017-03-10,2017-03-10,0.1,127.5810959,37.51899594,인근좌표
1014,1013,경기화성,2017-03-10,2017-03-10,0.3,126.9162557,37.15266119,인근좌표
1015,1014,경기동두천,2017-03-11,2017-03-11,0.72,127.0669893,37.92058118,인근좌표
1016,1015,경기가평,2017-03-11,2017-03-11,0.03,127.4076594,37.8112458,인근좌표
1017,1016,경기화성,2017-03-11,2017-03-11,0.5,126.9162557,37.15266119,인근좌표
1018,1017,경기화성,2017-03-11,2017-03-11,0.09,126.9162557,37.15266119,인근좌표
1019,1018,경기군포,2017-03-11,2017-03-11,0.23,126.9207146,37.34179669,인근좌표
1020,1019,경기화성,2017-03-11,2017-03-11,0.03,126.9162557,37.15266119,인근좌표
1021,1020,경기양평,2017-03-11,2017-03-11,0.3,127.5810959,37.51899594,인근좌표
1022,1021,경기안성,2017-03-12,2017-03-12,0.5,127.3059003,37.02476089,인근좌표
1023,1022,경기가평,2017-03-13,2017-03-13,0.1,127.4076594,37.8112458,인근좌표
1024,1023,경기가평,2015-03-23,2015-03-23,0.05,127.4076594,37.8112458,인근좌표
1025,1024,경기양주,2015-03-23,2015-03-23,0.01,127.0141132,37.80569311,인근좌표
1026,1025,경기파주,2015-03-24,2015-03-24,0.01,126.8077119,37.84944357,인근좌표
1027,1026,경기파주,2015-03-24,2015-03-24,0.01,126.8077119,37.84944357,인근좌표
1028,1027,경기수원,2015-03-24,2015-03-24,0.2,127.0029967,37.31811976,인근좌표
1029,1028,경기포천,2015-03-24,2015-03-25,3.3,127.237579,37.96766787,인근좌표
1030,1029,경기화성,2015-03-25,2015-03-25,0.01,126.9162557,37.15266119,인근좌표
1031,1030,경기화성,2015-03-25,2015-03-25,0.01,126.9162557,37.15266119,인근좌표
1032,1031,경기가평,2015-03-25,2015-03-25,0.02,127.4076594,37.8112458,인근좌표
1033,1032,경기남양주,2015-03-26,2015-03-26,0.01,127.2580035,37.64296989,인근좌표
1034,1033,경기가평,2015-03-26,2015-03-26,0.01,127.4076594,37.8112458,인근좌표
1035,1034,경기남양주,2015-03-27,2015-03-27,0.12,127.2580035,37.64296989,인근좌표
1036,1035,경기광명,2015-03-28,2015-03-28,0.02,126.8674732,37.44833711,인근좌표
1037,1036,경기구리,2015-03-28,2015-03-28,0.01,129.4206627,35.70495594,인근좌표
1038,1037,경기포천,2015-03-28,2015-03-28,0.1,127.237579,37.96766787,인근좌표
1039,1038,경기안산,2015-03-28,2015-03-28,0.05,126.8574791,37.32275536,인근좌표
1040,1039,경기하남,2015-03-28,2015-03-28,0.01,127.2110935,37.5303375,인근좌표
1041,1040,경기포천,2015-03-28,2015-03-28,1.2,127.237579,37.96766787,인근좌표
1042,1041,경기광주,2017-03-15,2017-03-15,0.09,127.2917767,37.4004581,인근좌표
1043,1042,경기동두천,2017-03-15,2017-03-15,0.2,127.0669893,37.92058118,인근좌표
1044,1043,경기양주,2017-03-15,2017-03-15,0.3,127.0141132,37.80569311,인근좌표
1045,1044,경기남양주,2017-03-16,2017-03-16,0.1,127.2580035,37.64296989,인근좌표
1046,1045,경기양평,2017-03-16,2017-03-16,0.1,127.5810959,37.51899594,인근좌표
1047,1046,경기화성,2017-03-17,2017-03-17,0.05,126.9162557,37.15266119,인근좌표
1048,1047,경기파주,2017-03-18,2017-03-18,0.05,126.8077119,37.84944357,인근좌표
1049,1048,경기남양주,2017-03-18,2017-03-18,0.6,127.2580035,37.64296989,인근좌표
1050,1049,경기화성,2017-03-18,2017-03-18,0.3,126.9162557,37.15266119,인근좌표
1051,1050,경기포천,2017-03-18,2017-03-18,0.03,127.237579,37.96766787,인근좌표
1052,1051,경기남양주,2017-03-18,2017-03-18,0.1,127.2580035,37.64296989,인근좌표
1053,1052,경기여주,2017-03-18,2017-03-18,0.3,127.644285,37.28762711,인근좌표
1054,1053,경기안성,2017-03-18,2017-03-18,0.2,127.3059003,37.02476089,인근좌표
1055,1054,경기김포,2017-03-18,2017-03-18,3,126.6015557,37.68465337,인근좌표
1056,1055,경기남양주,2017-03-18,2017-03-18,0.05,127.2580035,37.64296989,인근좌표
1057,1056,경기남양주,2017-03-18,2017-03-18,0.02,127.2580035,37.64296989,인근좌표
1058,1057,경기양평,2017-03-18,2017-03-18,2,127.5810959,37.51899594,인근좌표
1059,1058,경기가평,2017-03-18,2017-03-18,0.15,127.4076594,37.8112458,인근좌표
1060,1059,경기양평,2017-03-19,2017-03-19,1.3,127.5810959,37.51899594,인근좌표
