,location,stdt,eddt,damagearea
0,경기평택,2019-08-26,2019-08-26,0.01
1,경기포천,2019-09-29,2019-09-30,0.16
2,경기평택,2019-10-12,2019-10-12,0.03
3,경기안양,2019-10-19,2019-10-19,0.01
4,경기가평,2019-11-07,2019-11-07,0.25
5,경기남양주,2019-11-09,2019-11-09,0.01
6,경기성남,2019-11-21,2019-11-21,0.01
7,경기양평,2019-11-28,2019-11-28,0.09
8,경기광주,2019-11-28,2019-11-28,0.1
9,경기파주,2019-11-29,2019-11-29,0.01
10,경기광주,2019-12-02,2019-12-02,0.01
11,경기광주,2019-12-28,2019-12-28,0.33
12,경기포천,2019-12-29,2019-12-29,0.01
13,경기성남,2019-03-31,2019-03-31,0.01
14,경기남양주,2019-04-02,2019-04-02,0.05
15,경기가평,2019-04-02,2019-04-02,0.6
16,경기포천,2019-04-02,2019-04-02,1.0
17,경기안성,2019-04-03,2019-04-03,0.05
18,경기가평,2019-04-03,2019-04-03,3.5
19,경기양평,2019-04-03,2019-04-03,0.14
20,경기포천,2019-04-04,2019-04-04,0.2
21,경기파주,2019-04-04,2019-04-04,2.0
22,경기남양주,2019-04-04,2019-04-04,0.02
23,경기연천,2019-04-04,2019-04-04,0.3
24,경기용인,2019-04-04,2019-04-04,0.1
25,경기고양,2019-04-05,2019-04-05,1.0
26,경기고양,2019-04-07,2019-04-07,0.04
27,경기평택,2019-04-07,2019-04-07,0.01
28,경기이천,2019-04-08,2019-04-08,0.06
29,경기성남,2019-04-08,2019-04-08,0.6
30,경기안성,2019-04-08,2019-04-08,0.03
31,경기하남,2019-04-08,2019-04-08,0.09
32,경기평택,2019-04-09,2019-04-09,1.5
33,경기포천,2019-04-09,2019-04-09,0.16
34,경기가평,2019-04-09,2019-04-09,0.7
35,경기양평,2019-04-13,2019-04-13,0.02
36,경기평택,2019-04-13,2019-04-13,0.03
37,경기남양주,2019-04-13,2019-04-13,0.06
38,경기고양,2019-04-15,2019-04-15,0.01
39,경기김포,2019-04-16,2019-04-16,0.04
40,경기가평,2019-04-17,2019-04-17,0.1
41,경기시흥,2019-04-17,2019-04-17,0.02
42,경기포천,2021-02-12,2021-02-12,0.02
43,경기용인,2021-02-12,2021-02-12,0.02
44,경기양평,2021-02-12,2021-02-12,0.06
45,경기파주,2021-02-12,2021-02-12,0.02
46,경기여주,2021-02-14,2021-02-14,0.06
47,경기용인,2021-02-15,2021-02-15,0.08
48,경기의정부,2021-02-23,2021-02-23,0.01
49,경기포천,2021-02-23,2021-02-23,0.03
50,경기광주,2021-02-23,2021-02-23,0.66
51,경기성남,2021-02-25,2021-02-25,0.03
52,경기포천,2021-02-26,2021-02-26,0.03
53,경기화성,2021-02-26,2021-02-26,0.06
54,경기용인,2021-02-26,2021-02-26,0.05
55,경기연천,2021-02-26,2021-02-26,1.5
56,경기화성,2021-02-27,2021-02-27,0.1
57,경기시흥,2021-02-27,2021-02-27,0.06
58,경기양평,2021-02-27,2021-02-27,0.1
59,경기광주,2021-02-27,2021-02-27,0.16
60,경기고양,2021-02-27,2021-02-27,0.1
61,경기양평,2021-02-28,2021-02-28,0.05
62,경기의왕,2021-03-07,2021-03-07,0.01
63,경기포천,2021-03-10,2021-03-10,0.5
64,경기광주,2021-03-14,2021-03-14,0.01
65,경기화성,2021-03-15,2021-03-15,0.4
66,경기파주,2021-03-15,2021-03-15,0.3
67,경기오산,2021-03-17,2021-03-17,0.2
68,경기여주,2021-03-19,2021-03-19,0.05
69,경기파주,2021-03-19,2021-03-19,0.7
70,경기여주,2021-03-20,2021-03-20,0.2
71,경기안산,2021-03-21,2021-03-21,0.04
72,경기포천,2021-03-23,2021-03-23,0.05
73,경기광주,2021-03-25,2021-03-25,0.1
74,경기용인,2021-03-26,2021-03-26,0.01
75,경기용인,2021-03-26,2021-03-26,0.03
76,경기남양주,2021-01-01,2021-01-01,0.03
77,경기광주,2021-01-01,2021-01-01,0.07
78,경기파주,2021-01-02,2021-01-02,0.03
79,경기고양,2021-01-02,2021-01-02,0.01
80,경기포천,2021-01-03,2021-01-03,0.03
81,경기의정부,2021-01-05,2021-01-05,0.05
82,경기양평,2021-01-06,2021-01-06,0.01
83,경기김포,2021-01-06,2021-01-06,0.02
84,경기파주,2021-11-04,2021-11-04,0.03
85,경기화성,2021-11-05,2021-11-05,0.03
86,경기안양,2021-11-06,2021-11-06,0.03
87,경기평택,2021-11-07,2021-11-07,0.1
88,경기고양,2021-12-04,2021-12-04,0.03
89,경기포천,2021-02-12,2021-02-12,0.02
90,경기연천,2019-04-17,2019-04-17,0.02
91,경기안성,2019-04-17,2019-04-17,2.0
92,경기양평,2019-04-17,2019-04-17,0.12
93,경기양평,2019-04-17,2019-04-17,0.09
94,경기연천,2019-04-19,2019-04-19,0.03
95,경기성남,2019-04-19,2019-04-19,0.01
96,경기양평,2019-04-20,2019-04-20,0.06
97,경기평택,2019-04-20,2019-04-20,0.06
98,경기양평,2019-04-21,2019-04-21,0.3
99,경기시흥,2019-04-22,2019-04-22,0.02
100,경기남양주,2019-04-22,2019-04-22,0.02
101,경기광주,2019-04-23,2019-04-23,0.01
102,경기연천,2019-05-02,2019-05-02,0.01
103,경기고양,2019-05-03,2019-05-03,0.5
104,경기광주,2019-05-04,2019-05-04,0.01
105,경기양평,2019-05-06,2019-05-06,0.15
106,경기동두천,2019-05-07,2019-05-07,0.09
107,경기포천,2019-05-07,2019-05-07,1.0
108,경기여주,2019-05-07,2019-05-07,1.5
109,경기가평,2019-05-07,2019-05-07,0.01
110,경기화성,2019-05-08,2019-05-08,0.09
111,경기고양,2019-05-08,2019-05-08,0.01
112,경기가평,2019-05-08,2019-05-08,0.01
113,경기파주,2019-05-09,2019-05-09,0.01
114,경기화성,2019-05-10,2019-05-10,0.06
115,경기화성,2019-05-11,2019-05-11,0.09
116,경기화성,2019-05-11,2019-05-11,0.06
117,경기동두천,2019-05-11,2019-05-11,2.0
118,경기양평,2019-05-11,2019-05-11,0.02
119,경기가평,2019-05-11,2019-05-11,0.2
120,경기남양주,2019-05-12,2019-05-12,0.01
121,경기파주,2019-05-12,2019-05-12,0.08
122,경기평택,2019-05-13,2019-05-13,0.02
123,경기평택,2019-05-13,2019-05-13,0.01
124,경기양평,2019-05-14,2019-05-14,0.15
125,경기남양주,2019-05-15,2019-05-15,0.01
126,경기남양주,2019-05-17,2019-05-17,0.01
127,경기수원,2019-05-18,2019-05-18,0.04
128,경기안산,2019-05-18,2019-05-18,0.1
129,경기가평,2019-05-18,2019-05-18,0.01
130,경기여주,2019-05-22,2019-05-22,0.5
131,경기파주,2019-05-24,2019-05-24,0.05
132,경기이천,2019-05-26,2019-05-26,0.01
133,경기가평,2019-05-29,2019-05-29,0.02
134,경기남양주,2019-06-03,2019-06-03,0.1
135,경기안성,2019-06-04,2019-06-04,0.03
136,경기성남,2019-06-04,2019-06-04,0.01
137,경기화성,2019-06-25,2019-06-25,0.09
138,경기남양주,2019-07-04,2019-07-04,0.1
139,경기성남,2019-07-08,2019-07-08,0.03
140,경기하남,2019-07-08,2019-07-08,0.03
141,경기포천,2019-07-09,2019-07-09,0.2
142,경기남양주,2021-01-01,2021-01-01,0.03
143,경기광주,2021-01-01,2021-01-01,0.07
144,경기파주,2021-01-02,2021-01-02,0.03
145,경기고양,2021-01-02,2021-01-02,0.01
146,경기포천,2021-01-03,2021-01-03,0.03
147,경기의정부,2021-01-05,2021-01-05,0.05
148,경기남양주,2021-01-01,2021-01-01,0.03
149,경기광주,2021-01-01,2021-01-01,0.07
150,경기파주,2021-01-02,2021-01-02,0.03
151,경기고양,2021-01-02,2021-01-02,0.01
152,경기포천,2021-01-03,2021-01-03,0.03
153,경기의정부,2021-01-05,2021-01-05,0.05
154,경기양평,2021-01-06,2021-01-06,0.01
155,경기김포,2021-01-06,2021-01-06,0.02
156,경기파주,2021-11-04,2021-11-04,0.03
157,경기화성,2021-11-05,2021-11-05,0.03
158,경기안양,2021-11-06,2021-11-06,0.03
159,경기평택,2021-11-07,2021-11-07,0.1
160,경기고양,2021-12-04,2021-12-04,0.03
161,경기포천,2021-02-12,2021-02-12,0.02
162,경기용인,2021-02-12,2021-02-12,0.02
163,경기양평,2021-02-12,2021-02-12,0.06
164,경기파주,2021-02-12,2021-02-12,0.02
165,경기남양주,2021-01-01,2021-01-01,0.03
166,경기광주,2021-01-01,2021-01-01,0.07
167,경기파주,2021-01-02,2021-01-02,0.03
168,경기고양,2021-01-02,2021-01-02,0.01
169,경기포천,2021-01-03,2021-01-03,0.03
170,경기의정부,2021-01-05,2021-01-05,0.05
171,경기양평,2021-01-06,2021-01-06,0.01
172,경기김포,2021-01-06,2021-01-06,0.02
173,경기파주,2021-11-04,2021-11-04,0.03
174,경기화성,2021-11-05,2021-11-05,0.03
175,경기안양,2021-11-06,2021-11-06,0.03
176,경기평택,2021-11-07,2021-11-07,0.1
177,경기고양,2021-12-04,2021-12-04,0.03
178,경기광주,2019-01-03,2019-01-03,0.05
179,경기평택,2019-01-07,2019-01-07,0.01
180,경기남양주,2019-01-07,2019-01-07,0.2
181,경기양평,2019-01-08,2019-01-08,0.8
182,경기파주,2019-01-09,2019-01-09,0.02
183,경기이천,2019-01-09,2019-01-09,0.1
184,경기하남,2019-11-05,2019-11-05,0.2
185,경기파주,2019-12-02,2019-12-02,0.04
186,경기안성,2019-12-03,2019-12-03,0.33
187,경기파주,2019-12-04,2019-12-04,0.08
188,경기가평,2019-12-04,2019-12-05,5.0
189,경기포천,2019-12-06,2019-12-06,0.03
190,경기평택,2019-12-06,2019-12-06,0.02
191,경기화성,2019-12-07,2019-12-07,0.01
192,경기연천,2019-12-07,2019-12-07,0.2
193,경기구리,2019-12-08,2019-12-08,1.45
194,경기안산,2019-12-08,2019-12-08,0.02
195,경기용인,2019-12-08,2019-12-08,0.18
196,경기화성,2019-12-09,2019-12-09,0.16
197,경기광주,2019-12-09,2019-12-09,0.04
198,경기파주,2019-01-31,2019-01-31,0.05
199,경기남양주,2019-02-01,2019-02-01,0.01
200,경기구리,2019-02-07,2019-02-07,0.01
201,경기동두천,2019-02-08,2019-02-08,0.86
202,경기여주,2019-02-10,2019-02-10,0.12
203,경기시흥,2019-02-11,2019-02-11,0.06
204,경기파주,2019-02-13,2019-02-13,0.02
205,경기오산,2019-02-13,2019-02-13,0.15
206,경기동두천,2019-02-14,2019-02-14,0.8
207,경기하남,2019-02-14,2019-02-14,0.01
208,경기포천,2019-02-23,2019-02-23,0.2
209,경기남양주,2019-02-23,2019-02-23,0.09
210,경기성남,2019-02-26,2019-02-26,0.01
211,경기남양주,2019-02-26,2019-02-26,0.03
212,경기구리,2019-03-01,2019-03-01,0.03
213,경기광주,2019-03-02,2019-03-02,0.05
214,경기남양주,2019-03-02,2019-03-02,0.16
215,경기양주,2019-03-02,2019-03-03,0.2
216,경기양평,2019-03-03,2019-03-03,0.06
217,경기하남,2019-03-03,2019-03-03,0.01
218,경기평택,2019-03-03,2019-03-03,0.01
219,경기가평,2019-03-03,2019-03-03,0.1
220,경기양주,2019-03-03,2019-03-03,0.03
221,경기양주,2019-03-04,2019-03-04,0.06
222,경기과천,2019-03-04,2019-03-05,0.1
223,경기포천,2019-03-05,2019-03-05,1.0
224,경기성남,2019-03-06,2019-03-06,0.01
225,경기화성,2019-03-06,2019-03-06,0.06
226,경기안산,2019-03-07,2019-03-07,0.03
227,경기연천,2019-03-07,2019-03-07,0.3
228,경기고양,2019-03-07,2019-03-07,0.01
229,경기양평,2019-03-07,2019-03-07,0.15
230,경기양평,2019-03-08,2019-03-08,0.03
231,경기가평,2019-03-08,2019-03-08,0.1
232,경기성남,2019-03-08,2019-03-08,0.1
233,경기안성,2019-03-08,2019-03-08,0.01
234,경기광주,2019-03-08,2019-03-09,0.04
235,경기군포,2019-03-09,2019-03-09,0.02
236,경기포천,2019-03-09,2019-03-09,0.08
237,경기평택,2019-03-09,2019-03-09,0.06
238,경기포천,2019-03-09,2019-03-09,0.3
239,경기이천,2019-03-10,2019-03-10,0.03
240,경기포천,2019-03-13,2019-03-13,0.16
241,경기고양,2019-03-13,2019-03-13,0.2
242,경기양평,2019-03-13,2019-03-13,0.15
243,경기파주,2019-03-13,2019-03-13,0.08
244,경기남양주,2019-03-14,2019-03-14,0.03
245,경기안산,2019-03-17,2019-03-17,0.01
246,경기평택,2019-03-18,2019-03-18,0.03
247,경기연천,2019-03-19,2019-03-19,0.03
248,경기가평,2019-03-19,2019-03-19,1.0
249,경기안성,2019-03-19,2019-03-19,0.03
250,경기구리,2019-03-24,2019-03-24,0.05
251,경기고양,2019-03-27,2019-03-27,0.01
252,경기시흥,2019-03-28,2019-03-28,0.1
253,경기양평,2019-03-28,2019-03-28,0.15
254,경기광주,2019-03-29,2019-03-29,0.67
255,경기남양주,2019-03-29,2019-03-29,0.3
256,경기용인,2021-02-12,2021-02-12,0.02
257,경기화성,2020-03-22,2020-03-22,0.1
258,경기동두천,2020-03-22,2020-03-22,0.2
259,경기파주,2020-03-22,2020-03-22,0.3
260,경기이천,2020-03-22,2020-03-22,0.3
261,경기광주,2020-03-23,2020-03-23,0.06
262,경기양평,2020-03-23,2020-03-23,1.0
263,경기양평,2020-03-23,2020-03-23,0.01
264,경기용인,2020-03-23,2020-03-23,0.16
265,경기화성,2020-03-24,2020-03-24,0.05
266,경기포천,2020-03-24,2020-03-24,0.5
267,경기화성,2020-03-24,2020-03-24,0.03
268,경기광주,2020-03-24,2020-03-24,0.01
269,경기수원,2020-03-24,2020-03-24,0.01
270,경기포천,2020-03-25,2020-03-25,0.5
271,경기안성,2020-03-25,2020-03-25,0.1
272,경기여주,2020-03-25,2020-03-25,0.06
273,경기여주,2020-03-25,2020-03-25,0.05
274,경기남양주,2020-03-25,2020-03-25,0.02
275,경기포천,2020-03-25,2020-03-25,0.05
276,경기남양주,2020-03-26,2020-03-26,0.33
277,경기광주,2020-03-26,2020-03-26,0.02
278,경기오산,2020-03-28,2020-03-28,0.01
279,경기안양,2020-03-28,2020-03-28,0.08
280,경기고양,2020-03-29,2020-03-29,0.04
281,경기화성,2020-03-29,2020-03-29,0.1
282,경기파주,2020-03-29,2020-03-29,0.03
283,경기가평,2020-03-29,2020-03-29,0.28
284,경기가평,2020-03-29,2020-03-29,0.54
285,경기양평,2020-03-30,2020-03-30,1.0
286,경기하남,2020-03-30,2020-03-30,0.05
287,경기고양,2020-03-30,2020-03-30,0.03
288,경기평택,2020-04-01,2020-04-01,3.75
289,경기가평,2020-04-01,2020-04-01,0.3
290,경기고양,2020-04-01,2020-04-01,1.0
291,경기파주,2020-04-01,2020-04-01,0.66
292,경기용인,2020-04-01,2020-04-01,0.17
293,경기파주,2020-04-02,2020-04-02,1.65
294,경기의왕,2020-04-02,2020-04-02,0.46
295,경기평택,2020-04-02,2020-04-03,0.01
296,경기가평,2020-04-03,2020-04-03,0.11
297,경기여주,2020-04-03,2020-04-03,0.03
298,경기파주,2020-04-04,2020-04-04,0.06
299,경기의왕,2020-04-04,2020-04-04,1.0
300,경기남양주,2020-04-04,2020-04-04,6.2
301,경기시흥,2020-04-04,2020-04-04,0.05
302,경기양평,2020-04-05,2020-04-05,0.09
303,경기파주,2020-04-05,2020-04-05,0.2
304,경기화성,2020-04-05,2020-04-05,0.2
305,경기광주,2020-04-05,2020-04-05,2.7
306,경기파주,2020-04-05,2020-04-05,0.1
307,경기양주,2020-04-05,2020-04-05,0.01
308,경기시흥,2020-04-06,2020-04-06,0.03
309,경기남양주,2020-04-06,2020-04-06,0.1
310,경기의왕,2020-04-06,2020-04-06,0.06
311,경기파주,2020-04-07,2020-04-07,0.03
312,경기의왕,2020-04-08,2020-04-08,0.13
313,경기연천,2020-04-08,2020-04-08,0.1
314,경기파주,2020-04-08,2020-04-08,0.5
315,경기안양,2020-04-09,2020-04-09,0.64
316,경기남양주,2020-04-09,2020-04-09,1.0
317,경기여주,2020-04-09,2020-04-09,0.7
318,경기여주,2020-04-10,2020-04-10,0.01
319,경기고양,2020-04-10,2020-04-10,0.09
320,경기남양주,2020-04-10,2020-04-10,0.02
321,경기남양주,2020-04-10,2020-04-10,0.3
322,경기여주,2020-04-11,2020-04-11,0.01
323,경기광주,2020-04-12,2020-04-12,0.06
324,경기평택,2020-04-12,2020-04-12,0.03
325,경기광주,2020-04-12,2020-04-12,0.06
326,경기고양,2020-04-12,2020-04-12,0.06
327,경기평택,2020-04-13,2020-04-13,0.05
328,경기남양주,2020-04-13,2020-04-13,0.1
329,경기오산,2020-04-13,2020-04-13,0.01
330,경기가평,2020-04-13,2020-04-13,2.75
331,경기남양주,2020-04-14,2020-04-14,0.5
332,경기남양주,2020-04-14,2020-04-14,0.7
333,경기수원,2020-04-14,2020-04-14,3.56
334,경기시흥,2020-04-14,2020-04-14,0.13
335,경기과천,2020-04-14,2020-04-14,0.07
336,경기용인,2020-04-08,2020-04-08,0.09
337,경기광주,2020-04-14,2020-04-14,0.01
338,경기평택,2020-04-15,2020-04-15,0.25
339,경기평택,2020-04-15,2020-04-15,0.03
340,경기안성,2020-04-15,2020-04-15,0.1
341,경기안성,2020-04-15,2020-04-15,0.02
342,경기여주,2020-04-15,2020-04-16,0.1
343,경기화성,2020-04-16,2020-04-16,0.01
344,경기군포,2020-04-16,2020-04-16,0.03
345,경기시흥,2020-04-16,2020-04-16,0.15
346,경기화성,2020-04-18,2020-04-18,0.01
347,경기화성,2020-04-18,2020-04-18,0.01
348,경기여주,2020-04-22,2020-04-22,0.01
349,경기포천,2020-04-26,2020-04-26,0.5
350,경기여주,2020-04-26,2020-04-26,0.01
351,경기군포,2020-04-26,2020-04-26,0.33
352,경기연천,2020-04-27,2020-04-27,0.1
353,경기가평,2020-04-27,2020-04-27,0.02
354,경기연천,2020-04-28,2020-04-28,0.1
355,경기이천,2020-04-28,2020-04-28,0.05
356,경기화성,2020-04-29,2020-04-29,0.01
357,경기용인,2020-04-29,2020-04-29,0.05
358,경기포천,2020-04-29,2020-04-29,0.2
359,경기용인,2020-04-30,2020-04-30,0.01
360,경기포천,2020-04-30,2020-04-30,0.12
361,경기남양주,2020-04-30,2020-04-30,0.1
362,경기가평,2020-04-30,2020-04-30,0.59
363,경기성남,2020-05-01,2020-05-01,0.01
364,경기남양주,2020-05-06,2020-05-06,0.03
365,경기포천,2020-05-07,2020-05-07,0.02
366,경기안성,2020-05-08,2020-05-08,0.1
367,경기이천,2020-06-08,2020-06-08,0.02
368,경기양평,2020-06-09,2020-06-09,0.04
369,경기하남,2020-06-09,2020-06-09,0.01
370,경기안성,2020-06-09,2020-06-09,0.1
371,경기남양주,2020-06-14,2020-06-14,0.02
372,경기화성,2020-06-16,2020-06-16,0.01
373,경기김포,2020-06-20,2020-06-20,0.02
374,경기고양,2020-06-20,2020-06-20,0.01
375,경기의왕,2020-06-21,2020-06-21,0.06
376,경기하남,2020-06-22,2020-06-22,0.07
377,경기광명,2020-06-23,2020-06-23,0.01
378,경기광명,2020-06-23,2020-06-23,0.01
379,경기가평,2020-10-07,2020-10-07,0.01
380,경기가평,2020-10-17,2020-10-17,0.01
381,경기군포,2020-10-19,2020-10-19,0.4
382,경기광주,2020-10-28,2020-10-28,0.1
383,경기화성,2020-10-29,2020-10-29,0.03
384,경기양평,2020-10-29,2020-10-29,0.1
385,경기의정부,2020-10-30,2020-10-30,0.04
386,경기파주,2020-10-31,2020-10-31,0.06
387,경기김포,2020-10-31,2020-10-31,0.05
388,경기성남,2020-11-04,2020-11-04,0.03
389,경기포천,2020-11-08,2020-11-08,0.01
390,경기양주,2020-11-08,2020-11-08,0.03
391,경기포천,2020-12-01,2020-12-01,0.05
392,경기파주,2020-12-02,2020-12-02,0.01
393,경기동두천,2020-12-04,2020-12-04,0.15
394,경기안성,2020-12-04,2020-12-04,0.05
395,경기포천,2020-12-06,2020-12-06,0.01
396,경기여주,2020-12-07,2020-12-07,0.16
397,경기고양,2020-12-07,2020-12-07,0.02
398,경기화성,2020-12-09,2020-12-09,0.07
399,경기하남,2020-01-30,2020-01-30,0.03
400,경기시흥,2020-02-01,2020-02-01,0.03
401,경기안성,2020-02-04,2020-02-04,0.06
402,경기용인,2020-02-04,2020-02-04,0.2
403,경기여주,2020-02-05,2020-02-05,0.09
404,경기파주,2020-02-08,2020-02-08,0.01
405,경기파주,2020-02-08,2020-02-08,0.03
406,경기성남,2020-02-09,2020-02-09,0.01
407,경기평택,2020-02-10,2020-02-10,0.01
408,경기파주,2020-02-11,2020-02-11,0.03
409,경기동두천,2020-02-11,2020-02-11,0.2
410,경기여주,2020-02-11,2020-02-11,0.06
411,경기파주,2020-02-24,2020-02-24,0.01
412,경기광명,2020-02-24,2020-02-24,0.01
413,경기파주,2020-03-04,2020-03-04,0.07
414,경기양평,2020-03-05,2020-03-05,0.03
415,경기이천,2020-03-05,2020-03-05,0.01
416,경기이천,2020-03-06,2020-03-06,0.2
417,경기김포,2020-03-07,2020-03-07,0.14
418,경기고양,2020-03-07,2020-03-07,0.02
419,경기남양주,2020-03-07,2020-03-07,0.15
420,경기양평,2020-03-08,2020-03-08,0.09
421,경기남양주,2020-03-09,2020-03-09,0.1
422,경기파주,2020-03-09,2020-03-09,0.01
423,경기안성,2020-03-09,2020-03-09,0.01
424,경기화성,2020-03-12,2020-03-12,0.03
425,경기시흥,2020-03-14,2020-03-14,0.03
426,경기양평,2020-03-14,2020-03-14,0.04
427,경기포천,2020-03-15,2020-03-15,0.1
428,경기광명,2020-03-15,2020-03-15,0.04
429,경기여주,2020-03-15,2020-03-15,0.9
430,경기안성,2020-03-15,2020-03-15,0.8
431,경기안양,2020-03-16,2020-03-16,0.07
432,경기양평,2020-03-16,2020-03-16,0.08
433,경기남양주,2020-03-17,2020-03-17,0.15
434,경기파주,2020-03-18,2020-03-18,0.03
435,경기광주,2020-03-19,2020-03-19,0.01
436,경기구리,2020-03-19,2020-03-19,1.0
437,경기광주,2020-03-19,2020-03-19,0.16
438,경기파주,2020-03-20,2020-03-20,0.02
439,경기남양주,2020-03-21,2020-03-21,0.17
440,경기안성,2020-03-21,2020-03-21,0.1
441,경기양평,2020-03-21,2020-03-21,0.01
442,경기포천,2020-03-21,2020-03-21,0.11
443,경기여주,2020-03-22,2020-03-22,0.04
444,경기광주,2020-11-03,2020-11-03,0.06
445,경기가평,2020-11-05,2020-11-05,0.03
446,경기수원,2020-11-07,2020-11-07,0.03
447,경기양평,2020-11-08,2020-11-08,0.03
448,경기동두천,2020-11-08,2020-11-08,0.5
449,경기가평,2020-11-08,2020-11-08,1.4
450,경기포천,2020-11-08,2020-11-08,0.03
451,경기포천,2020-11-08,2020-11-08,0.1
452,경기남양주,2020-11-08,2020-11-09,0.05
453,경기가평,2020-11-09,2020-11-09,0.18
454,경기가평,2020-11-10,2020-11-10,3.0
455,경기김포,2020-11-14,2020-11-14,0.26
456,경기파주,2020-11-14,2020-11-14,0.06
457,경기광주,2020-11-14,2020-11-14,0.06
458,경기포천,2020-11-15,2020-11-15,0.07
459,경기성남,2020-11-16,2020-11-16,0.01
460,경기양평,2020-11-17,2020-11-17,0.01
461,경기화성,2020-12-09,2020-12-09,0.01
462,경기평택,2020-12-09,2020-12-09,0.01
463,경기의왕,2020-12-10,2020-12-10,0.01
464,경기화성,2020-12-12,2020-12-13,0.01
465,경기양평,2020-12-19,2020-12-19,0.15
466,경기안양,2020-12-23,2020-12-23,0.06
467,경기광주,2020-12-24,2020-12-24,0.05
468,경기남양주,2020-12-24,2020-12-24,0.01
469,경기평택,2020-12-27,2020-12-27,0.03
470,경기양평,2018-11-19,2018-11-19,0.06
471,경기가평,2018-11-20,2018-11-20,0.1
472,경기시흥,2018-12-08,2018-12-08,3.0
473,경기용인,2018-02-04,2018-02-05,0.15
474,경기화성,2018-02-05,2018-02-05,0.01
475,경기하남,2018-02-06,2018-02-06,0.04
476,경기화성,2018-02-10,2018-02-10,0.2
477,경기양주,2018-02-11,2018-02-11,0.06
478,경기광주,2018-02-13,2018-02-13,0.01
479,경기남양주,2018-02-13,2018-02-13,0.06
480,경기포천,2018-02-16,2018-02-16,0.5
481,경기가평,2018-02-17,2018-02-17,0.3
482,경기안성,2018-02-17,2018-02-17,0.06
483,경기화성,2018-02-19,2018-02-19,0.01
484,경기화성,2018-02-25,2018-02-25,0.6
485,경기파주,2018-02-26,2018-02-26,0.1
486,경기파주,2018-02-26,2018-02-26,0.08
487,경기파주,2018-02-26,2018-02-26,0.09
488,경기양평,2018-03-11,2018-03-11,0.06
489,경기시흥,2018-03-11,2018-03-11,0.1
490,경기화성,2018-03-12,2018-03-12,0.03
491,경기광주,2018-03-12,2018-03-12,0.01
492,경기화성,2018-03-13,2018-03-13,0.16
493,경기파주,2018-03-13,2018-03-13,0.16
494,경기평택,2018-03-13,2018-03-13,0.08
495,경기안성,2018-03-14,2018-03-14,0.16
496,경기양평,2018-03-23,2018-03-23,0.1
497,경기파주,2018-03-25,2018-03-25,0.09
498,경기양주,2018-03-25,2018-03-25,0.16
499,경기양평,2018-03-26,2018-03-26,0.5
500,경기안성,2018-03-28,2018-03-28,0.07
501,경기파주,2018-03-28,2018-03-28,0.03
502,경기남양주,2018-03-29,2018-03-29,0.01
503,경기남양주,2018-03-30,2018-03-30,0.06
504,경기가평,2018-03-30,2018-03-30,0.5
505,경기포천,2018-03-30,2018-03-30,1.5
506,경기남양주,2018-03-30,2018-03-30,0.1
507,경기수원,2018-03-31,2018-03-31,0.01
508,경기여주,2018-03-31,2018-03-31,0.5
509,경기화성,2018-04-02,2018-04-02,0.09
510,경기여주,2018-04-03,2018-04-03,0.5
511,경기남양주,2018-04-07,2018-04-07,0.03
512,경기고양,2018-04-10,2018-04-10,0.5
513,경기포천,2018-04-12,2018-04-12,0.1
514,경기여주,2018-04-13,2018-04-13,0.5
515,경기양평,2018-04-17,2018-04-17,0.1
516,경기광주,2018-04-20,2018-04-20,0.15
517,경기양평,2018-04-21,2018-04-21,0.6
518,경기광주,2018-04-21,2018-04-21,0.01
519,경기시흥,2018-04-21,2018-04-21,1.0
520,경기안양,2018-04-29,2018-04-29,0.15
521,경기양평,2021-02-12,2021-02-12,0.06
522,경기파주,2021-02-12,2021-02-12,0.02
523,경기남양주,2021-01-01,2021-01-01,0.03
524,경기광주,2021-01-01,2021-01-01,0.07
525,경기파주,2021-01-02,2021-01-02,0.03
526,경기고양,2021-01-02,2021-01-02,0.01
527,경기포천,2021-01-03,2021-01-03,0.03
528,경기의정부,2021-01-05,2021-01-05,0.05
529,경기양평,2021-01-06,2021-01-06,0.01
530,경기김포,2021-01-06,2021-01-06,0.02
531,경기파주,2021-11-04,2021-11-04,0.03
532,경기화성,2021-11-05,2021-11-05,0.03
533,경기안양,2021-11-06,2021-11-06,0.03
534,경기평택,2021-11-07,2021-11-07,0.1
535,경기고양,2021-12-04,2021-12-04,0.03
536,경기양평,2018-06-01,2018-06-01,0.03
537,경기화성,2018-06-09,2018-06-09,0.08
538,경기안산,2018-07-29,2018-07-29,0.06
539,경기군포,2018-07-30,2018-07-30,0.01
540,경기포천,2021-02-12,2021-02-12,0.02
541,경기용인,2021-02-12,2021-02-12,0.02
542,경기양평,2021-02-12,2021-02-12,0.06
543,경기파주,2021-02-12,2021-02-12,0.02
544,경기여주,2021-02-14,2021-02-14,0.06
545,경기용인,2021-02-15,2021-02-15,0.08
546,경기의정부,2021-02-23,2021-02-23,0.01
547,경기포천,2021-02-23,2021-02-23,0.03
548,경기광주,2021-02-23,2021-02-23,0.66
549,경기안산,2018-08-02,2018-08-02,0.01
550,경기양평,2018-08-07,2018-08-07,0.02
551,경기군포,2018-08-12,2018-08-12,0.23
552,경기안양,2018-08-15,2018-08-16,0.3
553,경기안산,2018-08-16,2018-08-16,0.01
554,경기양평,2018-08-17,2018-08-17,0.2
555,경기안양,2018-08-18,2018-08-19,0.5
556,경기화성,2018-08-20,2018-08-20,0.01
557,경기포천,2018-09-11,2018-09-11,0.04
558,경기성남,2021-02-25,2021-02-25,0.03
559,경기포천,2021-02-26,2021-02-26,0.03
560,경기화성,2021-02-26,2021-02-26,0.06
561,경기용인,2021-02-26,2021-02-26,0.05
562,경기연천,2021-02-26,2021-02-26,1.5
563,경기화성,2021-02-27,2021-02-27,0.1
564,경기시흥,2021-02-27,2021-02-27,0.06
565,경기양평,2021-02-27,2021-02-27,0.1
566,경기광주,2021-02-27,2021-02-27,0.16
567,경기고양,2021-02-27,2021-02-27,0.1
568,경기양평,2021-02-28,2021-02-28,0.05
569,경기의왕,2021-03-07,2021-03-07,0.01
570,경기포천,2021-03-10,2021-03-10,0.5
571,경기광주,2021-03-14,2021-03-14,0.01
572,경기화성,2021-03-15,2021-03-15,0.4
573,경기파주,2021-03-15,2021-03-15,0.3
574,경기오산,2021-03-17,2021-03-17,0.2
575,경기여주,2021-03-19,2021-03-19,0.05
576,경기파주,2021-03-19,2021-03-19,0.7
577,경기여주,2021-03-20,2021-03-20,0.2
578,경기안산,2021-03-21,2021-03-21,0.04
579,경기포천,2021-03-23,2021-03-23,0.05
580,경기광주,2021-03-25,2021-03-25,0.1
581,경기용인,2021-03-26,2021-03-26,0.01
582,경기용인,2021-03-26,2021-03-26,0.03
583,경기광주,2015-03-29,2015-03-29,0.01
584,경기양주,2015-03-30,2015-03-30,0.2
585,경기안양,2015-04-02,2015-04-02,0.01
586,경기광주,2015-04-11,2015-04-11,0.01
587,경기안양,2015-04-11,2015-04-11,0.07
588,경기하남,2015-04-12,2015-04-12,0.01
589,경기용인,2015-04-12,2015-04-13,0.01
590,경기연천,2015-04-24,2015-04-24,3.0
591,경기가평,2015-04-25,2015-04-25,1.0
592,경기남양주,2015-04-25,2015-04-25,0.05
593,경기남양주,2015-04-25,2015-04-25,0.5
594,경기화성,2015-04-26,2015-04-26,0.01
595,경기여주,2015-04-27,2015-04-27,1.0
596,경기파주,2015-04-27,2015-04-27,1.0
597,경기양주,2017-03-19,2017-03-19,0.9
598,경기남양주,2017-03-19,2017-03-19,0.1
599,경기가평,2017-03-19,2017-03-19,0.6
600,경기가평,2017-03-19,2017-03-19,2.0
601,경기포천,2017-03-19,2017-03-19,0.03
602,경기안성,2017-03-21,2017-03-21,0.02
603,경기화성,2017-03-22,2017-03-22,0.4
604,경기의정부,2017-03-22,2017-03-22,0.02
605,경기양평,2017-03-23,2017-03-23,1.0
606,경기의정부,2017-03-23,2017-03-23,0.5
607,경기의왕,2017-03-23,2017-03-23,0.04
608,경기양평,2017-03-24,2017-03-24,0.01
609,경기광주,2017-03-24,2017-03-24,0.01
610,경기의왕,2017-03-25,2017-03-25,0.1
611,경기용인,2017-03-26,2017-03-26,0.76
612,경기안성,2017-03-27,2017-03-27,0.2
613,경기화성,2017-03-27,2017-03-27,0.3
614,경기화성,2017-03-28,2017-03-28,0.01
615,경기화성,2017-03-28,2017-03-28,0.5
616,경기연천,2017-03-29,2017-03-29,0.6
617,경기남양주,2017-03-29,2017-03-29,0.1
618,경기김포,2017-03-29,2017-03-29,0.01
619,경기양평,2017-03-29,2017-03-29,0.5
620,경기양평,2017-03-29,2017-03-31,0.26
621,경기구리,2017-03-19,2017-03-19,0.2
622,경기군포,2017-03-30,2017-03-30,0.19
623,경기여주,2017-03-30,2017-03-30,0.16
624,경기양주,2017-03-30,2017-03-30,0.1
625,경기양평,2017-03-30,2017-03-30,0.15
626,경기화성,2017-03-30,2017-03-30,0.3
627,경기연천,2015-04-28,2015-04-28,0.5
628,경기양평,2015-04-28,2015-04-28,0.02
629,경기여주,2015-05-05,2015-05-05,1.0
630,경기가평,2015-05-10,2015-05-10,0.01
631,경기포천,2015-05-11,2015-05-11,0.2
632,경기과천,2015-05-17,2015-05-18,0.5
633,경기연천,2015-05-24,2015-05-24,0.2
634,경기포천,2015-05-24,2015-05-25,3.0
635,경기연천,2015-05-25,2015-05-25,0.19
636,경기수원,2015-05-25,2015-05-25,0.01
637,경기화성,2017-04-01,2017-04-01,0.2
638,경기파주,2017-04-02,2017-04-02,0.02
639,경기화성,2017-04-03,2017-04-03,0.3
640,경기광주,2017-04-03,2017-04-03,0.2
641,경기화성,2017-04-03,2017-04-03,2.5
642,경기포천,2017-04-03,2017-04-03,0.3
643,경기양평,2017-04-04,2017-04-04,0.6
644,경기양평,2017-04-04,2017-04-04,0.9
645,경기화성,2017-04-04,2017-04-04,0.1
646,경기화성,2017-04-04,2017-04-04,0.01
647,경기광주,2017-04-04,2017-04-04,0.5
648,경기파주,2017-04-04,2017-04-04,0.15
649,경기광명,2017-04-05,2017-04-05,0.1
650,경기양평,2017-04-10,2017-04-10,0.2
651,경기김포,2017-04-10,2017-04-10,0.05
652,경기동두천,2017-04-10,2017-04-10,0.1
653,경기남양주,2017-04-10,2017-04-10,0.03
654,경기남양주,2017-04-12,2017-04-12,1.0
655,경기포천,2017-04-12,2017-04-12,0.03
656,경기남양주,2017-04-12,2017-04-12,0.16
657,경기하남,2017-04-12,2017-04-12,2.5
658,경기화성,2017-04-12,2017-04-12,0.1
659,경기의왕,2017-04-13,2017-04-13,0.17
660,경기여주,2017-04-14,2017-04-14,0.4
661,경기포천,2015-05-26,2015-05-26,0.3
662,경기이천,2015-05-27,2015-05-27,0.23
663,경기포천,2015-05-27,2015-05-27,0.1
664,경기광주,2015-05-27,2015-05-27,0.4
665,경기남양주,2015-05-28,2015-05-28,0.7
666,경기양주,2015-05-29,2015-05-29,0.03
667,경기구리,2015-05-29,2015-05-29,0.01
668,경기양주,2015-05-29,2015-05-29,0.1
669,경기이천,2015-05-29,2015-05-30,0.75
670,경기남양주,2015-06-01,2015-06-01,0.6
671,경기포천,2015-06-01,2015-06-01,0.01
672,경기남양주,2015-06-01,2015-06-01,0.3
673,경기화성,2015-06-01,2015-06-01,0.3
674,경기수원,2015-06-01,2015-06-01,0.01
675,경기용인,2015-06-01,2015-06-01,0.06
676,경기구리,2015-06-02,2015-06-02,0.03
677,경기고양,2015-06-02,2015-06-02,0.3
678,경기양주,2015-06-02,2015-06-03,0.09
679,경기남양주,2015-06-03,2015-06-03,1.5
680,경기남양주,2015-06-03,2015-06-03,0.02
681,경기포천,2015-06-03,2015-06-03,0.04
682,경기광주,2015-06-03,2015-06-03,0.05
683,경기양주,2015-06-04,2015-06-04,0.09
684,경기포천,2015-06-04,2015-06-04,5.0
685,경기연천,2015-06-04,2015-06-04,0.3
686,경기광주,2017-04-16,2017-04-16,0.15
687,경기파주,2017-04-19,2017-04-19,0.03
688,경기포천,2017-04-22,2017-04-22,0.3
689,경기고양,2017-04-22,2017-04-22,0.01
690,경기가평,2017-04-23,2017-04-23,1.5
691,경기화성,2017-04-23,2017-04-23,0.15
692,경기양평,2017-04-24,2017-04-24,0.1
693,경기광명,2017-04-24,2017-04-24,0.2
694,경기가평,2017-04-24,2017-04-24,0.03
695,경기포천,2017-04-24,2017-04-24,0.01
696,경기의왕,2017-04-26,2017-04-26,0.03
697,경기화성,2017-04-26,2017-04-26,0.15
698,경기양평,2017-04-27,2017-04-27,0.2
699,경기광주,2017-04-27,2017-04-27,0.17
700,경기가평,2017-04-27,2017-04-27,0.09
701,경기광주,2017-04-28,2017-04-28,1.0
702,경기가평,2017-04-29,2017-04-29,2.0
703,경기남양주,2015-06-05,2015-06-05,0.06
704,경기화성,2015-06-06,2015-06-06,0.01
705,경기포천,2015-06-06,2015-06-06,0.5
706,경기포천,2015-06-07,2015-06-07,0.5
707,경기구리,2015-06-07,2015-06-07,0.01
708,경기포천,2015-06-08,2015-06-08,0.3
709,경기포천,2015-06-08,2015-06-08,0.01
710,경기안양,2015-06-19,2015-06-19,0.02
711,경기화성,2015-06-23,2015-06-23,0.12
712,경기오산,2017-04-30,2017-04-30,0.7
713,경기화성,2017-04-30,2017-04-30,0.1
714,경기연천,2017-04-30,2017-04-30,0.1
715,경기양평,2017-05-01,2017-05-01,0.1
716,경기가평,2017-05-02,2017-05-02,0.2
717,경기양평,2017-05-02,2017-05-02,0.2
718,경기가평,2017-05-03,2017-05-03,0.5
719,경기파주,2017-05-03,2017-05-03,0.2
720,경기여주,2017-05-03,2017-05-03,0.5
721,경기파주,2017-05-03,2017-05-03,0.01
722,경기남양주,2017-05-06,2017-05-06,0.5
723,경기화성,2017-05-06,2017-05-06,0.06
724,경기화성,2017-05-06,2017-05-06,0.5
725,경기안양,2017-05-06,2017-05-06,0.1
726,경기김포,2017-05-06,2017-05-06,1.0
727,경기화성,2017-05-06,2017-05-06,0.13
728,경기수원,2014-02-26,2014-02-26,0.5
729,경기동두천,2014-02-27,2014-02-27,0.2
730,경기안성,2015-09-08,2015-09-08,0.06
731,경기화성,2015-09-15,2015-09-15,0.01
732,경기광주,2015-09-21,2015-09-21,0.02
733,경기화성,2015-09-24,2015-09-24,0.01
734,경기양주,2015-09-26,2015-09-26,0.2
735,경기안양,2015-09-27,2015-09-27,0.01
736,경기남양주,2015-09-28,2015-09-28,0.01
737,경기파주,2015-09-29,2015-09-29,0.1
738,경기안양,2015-09-29,2015-09-29,0.01
739,경기파주,2015-10-05,2015-10-05,0.2
740,경기수원,2015-10-06,2015-10-06,0.01
741,경기양주,2015-10-08,2015-10-08,0.03
742,경기의정부,2015-10-10,2015-10-10,0.1
743,경기안양,2017-05-07,2017-05-07,0.03
744,경기화성,2017-05-23,2017-05-23,0.01
745,경기구리,2017-05-27,2017-05-27,0.01
746,경기고양,2017-05-27,2017-05-27,0.03
747,경기시흥,2014-03-23,2014-03-23,0.1
748,경기연천,2014-03-28,2014-03-28,0.01
749,경기과천,2015-10-17,2015-10-18,0.3
750,경기양평,2015-11-03,2015-11-03,0.3
751,경기성남,2016-01-05,2016-01-05,0.1
752,경기남양주,2016-01-10,2016-01-10,0.2
753,경기광주,2016-11-01,2016-11-01,0.03
754,경기이천,2016-11-02,2016-11-02,0.33
755,경기광주,2016-11-05,2016-11-05,0.06
756,경기파주,2016-11-06,2016-11-07,0.5
757,경기양주,2017-06-03,2017-06-03,0.15
758,경기안양,2017-06-05,2017-06-05,0.02
759,경기양주,2017-06-05,2017-06-05,0.33
760,경기평택,2017-06-15,2017-06-15,0.16
761,경기화성,2017-06-17,2017-06-17,0.06
762,경기구리,2017-06-18,2017-06-18,0.01
763,경기가평,2017-06-18,2017-06-18,0.08
764,경기남양주,2017-06-19,2017-06-19,0.06
765,경기시흥,2014-04-05,2014-04-05,0.01
766,경기과천,2014-04-06,2014-04-06,0.12
767,경기하남,2014-04-06,2014-04-06,0.1
768,경기수원,2014-04-06,2014-04-06,0.01
769,경기광주,2014-04-06,2014-04-06,0.1
770,경기광주,2014-04-06,2014-04-06,0.1
771,경기고양,2014-04-08,2014-04-08,0.1
772,경기화성,2014-04-08,2014-04-08,0.1
773,경기남양주,2014-04-08,2014-04-08,0.01
774,경기고양,2014-04-08,2014-04-08,0.02
775,경기양평,2014-04-09,2014-04-09,0.1
776,경기남양주,2016-11-08,2016-11-08,0.2
777,경기부천,2016-12-03,2016-12-03,0.1
778,경기가평,2016-12-04,2016-12-04,0.04
779,경기가평,2016-12-05,2016-12-05,0.01
780,경기용인,2016-12-05,2016-12-05,0.09
781,경기양평,2016-12-07,2016-12-07,0.7
782,경기양평,2016-02-01,2016-02-01,0.5
783,경기남양주,2016-02-03,2016-02-03,0.15
784,경기양평,2016-02-05,2016-02-05,0.5
785,경기동두천,2016-02-05,2016-02-05,0.13
786,경기안성,2016-02-06,2016-02-06,0.01
787,경기가평,2016-02-07,2016-02-07,0.02
788,경기김포,2016-02-09,2016-02-09,0.1
789,경기화성,2016-02-09,2016-02-09,0.2
790,경기광주,2016-02-10,2016-02-10,0.6
791,경기여주,2016-02-10,2016-02-10,0.6
792,경기포천,2016-02-11,2016-02-11,0.8
793,경기안성,2016-02-11,2016-02-11,0.1
794,경기용인,2017-06-20,2017-06-20,0.3
795,경기광주,2017-06-21,2017-06-21,0.01
796,경기양평,2017-06-21,2017-06-21,0.04
797,경기양평,2017-06-23,2017-06-23,0.1
798,경기화성,2017-06-23,2017-06-23,0.3
799,경기하남,2017-11-07,2017-11-07,0.09
800,경기김포,2017-11-08,2017-11-08,0.02
801,경기파주,2017-11-10,2017-11-10,6.5
802,경기양평,2017-11-16,2017-11-16,0.07
803,경기양평,2017-11-16,2017-11-16,0.15
804,경기남양주,2017-11-16,2017-11-16,0.1
805,경기파주,2017-11-17,2017-11-17,0.03
806,경기안산,2014-04-14,2014-04-14,0.5
807,경기가평,2014-04-15,2014-04-15,0.02
808,경기포천,2014-04-20,2014-04-20,0.01
809,경기구리,2014-04-20,2014-04-20,0.01
810,경기가평,2014-04-21,2014-04-21,0.3
811,경기가평,2014-04-22,2014-04-22,0.3
812,경기포천,2014-04-22,2014-04-22,0.1
813,경기가평,2016-02-21,2016-02-21,0.01
814,경기포천,2016-02-21,2016-02-21,0.1
815,경기광주,2016-02-26,2016-02-26,2.7
816,경기양주,2016-02-26,2016-02-26,0.01
817,경기가평,2016-02-27,2016-02-27,0.01
818,경기양주,2016-03-04,2016-03-04,0.06
819,경기광주,2016-03-04,2016-03-04,0.1
820,경기여주,2016-03-14,2016-03-14,0.8
821,경기양주,2016-03-15,2016-03-15,0.2
822,경기양주,2016-03-16,2016-03-16,0.3
823,경기양평,2016-03-16,2016-03-16,0.2
824,경기가평,2016-03-16,2016-03-16,0.1
825,경기안성,2016-03-16,2016-03-16,2.0
826,경기하남,2016-03-16,2016-03-16,0.09
827,경기안산,2016-02-11,2016-02-11,0.2
828,경기양주,2016-03-16,2016-03-16,0.06
829,경기용인,2016-03-16,2016-03-16,0.09
830,경기수원,2017-11-30,2017-11-30,0.13
831,경기양평,2017-12-09,2017-12-09,0.02
832,경기군포,2017-12-10,2017-12-10,0.09
833,경기안양,2018-12-10,2018-12-10,0.01
834,경기남양주,2014-04-22,2014-04-22,0.3
835,경기포천,2014-04-22,2014-04-22,0.01
836,경기가평,2014-04-23,2014-04-23,0.04
837,경기파주,2014-04-23,2014-04-23,0.08
838,경기양평,2014-04-25,2014-04-25,0.01
839,경기용인,2016-03-17,2016-03-17,0.6
840,경기양평,2016-03-18,2016-03-18,0.3
841,경기가평,2016-03-19,2016-03-19,0.03
842,경기안성,2016-03-19,2016-03-19,0.6
843,경기가평,2016-03-19,2016-03-19,0.02
844,경기양평,2016-03-21,2016-03-21,0.2
845,경기안성,2016-03-22,2016-03-22,0.6
846,경기화성,2016-03-23,2016-03-23,0.1
847,경기양평,2016-03-24,2016-03-24,0.1
848,경기포천,2016-03-24,2016-03-24,0.2
849,경기남양주,2016-03-24,2016-03-24,0.5
850,경기파주,2016-03-27,2016-03-27,0.09
851,경기화성,2016-03-27,2016-03-27,0.9
852,경기화성,2016-03-28,2016-03-28,0.1
853,경기광주,2016-03-28,2016-03-28,0.3
854,경기이천,2016-03-28,2016-03-28,0.1
855,경기양주,2016-03-28,2016-03-28,0.2
856,경기화성,2016-03-28,2016-03-28,0.2
857,경기여주,2016-03-28,2016-03-28,0.04
858,경기부천,2018-12-23,2018-12-23,0.3
859,경기가평,2018-12-27,2018-12-27,0.03
860,경기남양주,2018-12-28,2018-12-28,0.3
861,경기화성,2018-12-28,2018-12-28,0.02
862,경기연천,2014-05-11,2014-05-11,0.3
863,경기안성,2014-05-18,2014-05-18,0.01
864,경기안성,2014-05-20,2014-05-23,0.05
865,경기포천,2014-05-23,2014-05-23,0.01
866,경기포천,2014-05-29,2014-05-29,0.02
867,경기안산,2014-05-29,2014-05-30,0.1
868,경기광주,2016-03-30,2016-03-30,0.1
869,경기남양주,2016-03-30,2016-03-30,0.8
870,경기포천,2016-03-30,2016-03-30,0.1
871,경기양주,2016-03-31,2016-03-31,8.3
872,경기하남,2016-03-31,2016-03-31,0.1
873,경기안양,2016-03-31,2016-03-31,0.4
874,경기포천,2016-03-31,2016-03-31,0.06
875,경기광주,2016-04-01,2016-04-01,2.6
876,경기이천,2016-04-01,2016-04-01,1.0
877,경기광주,2016-04-01,2016-04-01,0.3
878,경기양평,2016-04-01,2016-04-01,0.3
879,경기광주,2016-04-02,2016-04-03,2.0
880,경기광주,2016-04-02,2016-04-02,1.0
881,경기가평,2016-04-02,2016-04-02,7.0
882,경기안산,2014-07-07,2014-07-07,0.01
883,경기구리,2014-07-12,2014-07-12,0.01
884,경기가평,2014-07-18,2014-07-18,0.01
885,경기김포,2014-07-20,2014-07-20,0.6
886,경기남양주,2014-10-13,2014-10-13,0.02
887,경기양평,2014-10-16,2014-10-17,0.1
888,경기양평,2014-10-17,2014-10-17,0.5
889,경기양평,2014-10-17,2014-10-18,0.3
890,경기고양,2014-11-04,2014-11-04,0.02
891,경기용인,2014-11-09,2014-11-09,0.01
892,경기의정부,2014-11-10,2014-11-10,0.01
893,경기광주,2014-11-15,2014-11-15,0.1
894,경기남양주,2014-11-19,2014-11-19,0.01
895,경기연천,2014-11-21,2014-11-21,0.01
896,경기파주,2014-12-08,2014-12-08,0.01
897,경기포천,2016-04-04,2016-04-04,0.2
898,경기고양,2016-04-04,2016-04-04,0.39
899,경기파주,2016-04-05,2016-04-05,0.2
900,경기용인,2016-04-05,2016-04-05,0.16
901,경기이천,2016-04-06,2016-04-06,0.5
902,경기시흥,2016-04-06,2016-04-06,0.5
903,경기광주,2016-04-06,2016-04-06,0.6
904,경기군포,2016-04-06,2016-04-06,0.1
905,경기포천,2016-04-08,2016-04-08,0.5
906,경기이천,2016-04-10,2016-04-10,0.06
907,경기파주,2016-04-10,2016-04-10,2.0
908,경기하남,2016-04-10,2016-04-10,0.1
909,경기화성,2016-04-11,2016-04-11,0.09
910,경기화성,2016-04-11,2016-04-11,0.35
911,경기동두천,2016-04-11,2016-04-11,0.06
912,경기하남,2016-04-12,2016-04-12,0.5
913,경기포천,2016-04-15,2016-04-15,0.03
914,경기남양주,2016-04-15,2016-04-15,0.08
915,경기가평,2016-04-16,2016-04-16,0.7
916,경기가평,2016-04-16,2016-04-16,0.1
917,경기양주,2016-04-16,2016-04-16,0.01
918,경기시흥,2016-04-29,2016-04-29,0.1
919,경기광주,2016-05-14,2016-05-14,0.13
920,경기파주,2015-01-31,2015-02-01,0.13
921,경기광주,2015-02-04,2015-02-04,0.05
922,경기양주,2015-02-12,2015-02-12,0.01
923,경기광주,2015-02-12,2015-02-12,0.01
924,경기안성,2015-02-13,2015-02-13,0.01
925,경기양주,2015-02-26,2015-02-26,0.01
926,경기김포,2015-02-27,2015-02-27,0.01
927,경기고양,2015-02-27,2015-02-27,0.05
928,경기화성,2015-03-01,2015-03-01,0.01
929,경기화성,2016-05-20,2016-05-20,0.17
930,경기성남,2016-06-02,2016-06-02,0.1
931,경기광주,2016-06-05,2016-06-05,0.06
932,경기하남,2016-06-05,2016-06-06,0.49
933,경기과천,2016-06-06,2016-06-06,0.6
934,경기포천,2016-06-10,2016-06-10,0.1
935,경기가평,2016-07-11,2016-07-11,0.01
936,경기양평,2015-03-06,2015-03-06,0.01
937,경기양평,2015-03-06,2015-03-06,0.01
938,경기양평,2015-03-07,2015-03-07,0.01
939,경기양평,2015-03-07,2015-03-07,0.01
940,경기화성,2015-03-08,2015-03-08,0.01
941,경기가평,2015-03-09,2015-03-09,0.2
942,경기김포,2015-03-10,2015-03-10,0.05
943,경기화성,2015-03-10,2015-03-10,0.05
944,경기남양주,2015-03-10,2015-03-10,0.01
945,경기김포,2015-03-11,2015-03-11,0.02
946,경기광주,2015-03-11,2015-03-11,0.01
947,경기고양,2016-09-26,2016-09-26,0.01
948,경기안양,2016-10-22,2016-10-23,0.03
949,경기남양주,2016-11-24,2016-11-24,0.03
950,경기과천,2016-11-29,2016-11-29,0.06
951,경기과천,2016-12-01,2016-12-01,0.03
952,경기포천,2016-12-06,2016-12-06,0.05
953,경기안성,2016-12-15,2016-12-15,0.05
954,경기화성,2016-12-16,2016-12-16,0.04
955,경기고양,2016-12-21,2016-12-21,0.06
956,경기용인,2017-01-10,2017-01-10,0.2
957,경기군포,2017-11-05,2017-11-05,0.06
958,경기연천,2017-11-05,2017-11-05,0.2
959,경기포천,2017-11-09,2017-11-09,0.05
960,경기양평,2017-11-09,2017-11-09,0.08
961,경기광주,2015-03-12,2015-03-12,0.01
962,경기가평,2015-03-13,2015-03-13,0.05
963,경기화성,2015-03-13,2015-03-13,0.01
964,경기고양,2015-03-14,2015-03-14,0.01
965,경기가평,2015-03-14,2015-03-14,0.05
966,경기광주,2015-03-14,2015-03-14,0.4
967,경기가평,2015-03-14,2015-03-14,0.01
968,경기고양,2015-03-14,2015-03-14,0.01
969,경기안양,2015-03-14,2015-03-14,0.01
970,경기양평,2015-03-14,2015-03-14,0.2
971,경기안산,2015-03-14,2015-03-14,0.01
972,경기가평,2015-03-15,2015-03-15,0.01
973,경기화성,2015-03-17,2015-03-17,0.01
974,경기가평,2017-02-12,2017-02-12,0.3
975,경기화성,2017-02-12,2017-02-12,0.3
976,경기양평,2017-02-15,2017-02-15,0.01
977,경기광주,2017-02-16,2017-02-16,0.45
978,경기화성,2017-02-16,2017-02-16,0.2
979,경기양평,2017-02-18,2017-02-18,0.06
980,경기가평,2017-03-03,2017-03-03,0.1
981,경기안성,2017-03-04,2017-03-04,0.1
982,경기연천,2015-03-20,2015-03-20,0.01
983,경기동두천,2015-03-20,2015-03-20,0.04
984,경기남양주,2015-03-20,2015-03-20,0.05
985,경기안산,2015-03-21,2015-03-21,0.01
986,경기동두천,2015-03-21,2015-03-21,0.01
987,경기안산,2015-03-21,2015-03-21,0.01
988,경기남양주,2015-03-21,2015-03-21,0.05
989,경기양주,2015-03-21,2015-03-21,0.05
990,경기남양주,2015-03-21,2015-03-21,0.01
991,경기김포,2015-03-22,2015-03-22,0.01
992,경기파주,2015-03-22,2015-03-22,0.5
993,경기연천,2015-03-22,2015-03-22,0.01
994,경기파주,2015-03-22,2015-03-22,0.2
995,경기여주,2015-03-22,2015-03-22,50.7
996,경기고양,2015-03-22,2015-03-22,2.0
997,경기시흥,2015-03-22,2015-03-22,0.1
998,경기남양주,2015-03-22,2015-03-22,0.02
999,경기화성,2015-03-22,2015-03-22,0.01
1000,경기가평,2015-03-22,2015-03-22,0.02
1001,경기포천,2015-03-22,2015-03-23,2.0
1002,경기파주,2015-03-22,2015-03-22,0.01
1003,경기양평,2015-03-22,2015-03-23,4.9
1004,경기광주,2015-03-22,2015-03-22,0.02
1005,경기포천,2015-03-22,2015-03-23,0.2
1006,경기화성,2015-03-23,2015-03-23,0.01
1007,경기남양주,2015-03-23,2015-03-23,0.01
1008,경기화성,2017-03-08,2017-03-08,0.16
1009,경기화성,2017-03-09,2017-03-09,0.01
1010,경기가평,2017-03-10,2017-03-10,0.05
1011,경기양주,2017-03-10,2017-03-10,0.1
1012,경기양평,2017-03-10,2017-03-10,0.1
1013,경기화성,2017-03-10,2017-03-10,0.3
1014,경기동두천,2017-03-11,2017-03-11,0.72
1015,경기가평,2017-03-11,2017-03-11,0.03
1016,경기화성,2017-03-11,2017-03-11,0.5
1017,경기화성,2017-03-11,2017-03-11,0.09
1018,경기군포,2017-03-11,2017-03-11,0.23
1019,경기화성,2017-03-11,2017-03-11,0.03
1020,경기양평,2017-03-11,2017-03-11,0.3
1021,경기안성,2017-03-12,2017-03-12,0.5
1022,경기가평,2017-03-13,2017-03-13,0.1
1023,경기가평,2015-03-23,2015-03-23,0.05
1024,경기양주,2015-03-23,2015-03-23,0.01
1025,경기파주,2015-03-24,2015-03-24,0.01
1026,경기파주,2015-03-24,2015-03-24,0.01
1027,경기수원,2015-03-24,2015-03-24,0.2
1028,경기포천,2015-03-24,2015-03-25,3.3
1029,경기화성,2015-03-25,2015-03-25,0.01
1030,경기화성,2015-03-25,2015-03-25,0.01
1031,경기가평,2015-03-25,2015-03-25,0.02
1032,경기남양주,2015-03-26,2015-03-26,0.01
1033,경기가평,2015-03-26,2015-03-26,0.01
1034,경기남양주,2015-03-27,2015-03-27,0.12
1035,경기광명,2015-03-28,2015-03-28,0.02
1036,경기구리,2015-03-28,2015-03-28,0.01
1037,경기포천,2015-03-28,2015-03-28,0.1
1038,경기안산,2015-03-28,2015-03-28,0.05
1039,경기하남,2015-03-28,2015-03-28,0.01
1040,경기포천,2015-03-28,2015-03-28,1.2
1041,경기광주,2017-03-15,2017-03-15,0.09
1042,경기동두천,2017-03-15,2017-03-15,0.2
1043,경기양주,2017-03-15,2017-03-15,0.3
1044,경기남양주,2017-03-16,2017-03-16,0.1
1045,경기양평,2017-03-16,2017-03-16,0.1
1046,경기화성,2017-03-17,2017-03-17,0.05
1047,경기파주,2017-03-18,2017-03-18,0.05
1048,경기남양주,2017-03-18,2017-03-18,0.6
1049,경기화성,2017-03-18,2017-03-18,0.3
1050,경기포천,2017-03-18,2017-03-18,0.03
1051,경기남양주,2017-03-18,2017-03-18,0.1
1052,경기여주,2017-03-18,2017-03-18,0.3
1053,경기안성,2017-03-18,2017-03-18,0.2
1054,경기김포,2017-03-18,2017-03-18,3.0
1055,경기남양주,2017-03-18,2017-03-18,0.05
1056,경기남양주,2017-03-18,2017-03-18,0.02
1057,경기양평,2017-03-18,2017-03-18,2.0
1058,경기가평,2017-03-18,2017-03-18,0.15
1059,경기양평,2017-03-19,2017-03-19,1.3
