damagearea,avg_temp,min_temp,max_temp,rainfall,max_wind_speed,avg_wind
0.0,25.6,20.1,31.0,0.0,4.4,1.2
0.0029591635431051484,19.7,14.5,27.3,0.0,2.3,0.8
0.0003945551390806864,18.3,14.1,23.3,0.0,5.3,2.7
0.0,16.0,10.4,22.2,0.0,3.7,1.2
0.004734661668968238,8.2,2.5,16.1,0.0,3.6,1.3
0.0,6.1,-1.3,15.9,0.0,3.0,0.7
0.0,4.8,-3.2,9.9,0.0,3.2,1.1
0.0015782205563227457,4.7,-0.5,11.3,0.0,2.4,0.9
0.001775498125863089,4.7,-0.5,11.3,0.0,2.4,0.9
0.0,-1.5,-7.5,7.0,0.0,2.3,0.7
0.0,1.6,-2.3,5.0,0.0,6.7,2.8
0.006312882225290984,-1.3,-7.0,4.8,0.0,3.3,0.8
0.0,2.8,-1.0,7.6,0.1,3.1,0.6
0.0,4.7,2.6,9.0,0.5,7.5,3.7
0.0007891102781613729,5.7,-2.8,13.1,0.0,5.7,1.9
0.01163937660288025,5.7,-2.8,13.1,0.0,5.7,1.9
0.019530479384493978,5.2,-2.8,14.2,0.0,7.5,1.9
0.0007891102781613729,6.4,-3.2,14.7,0.0,4.9,2.1
0.06884987176957978,6.4,-1.9,14.4,0.0,5.0,1.8
0.0025646084040244622,6.4,-1.9,14.4,0.0,5.0,1.8
0.0037482738212665213,8.1,-1.2,16.2,0.0,7.2,2.7
0.039258236338528305,7.7,-1.3,15.0,0.0,6.2,3.0
0.00019727756954034323,8.1,-1.6,17.7,0.0,6.9,1.9
0.005721049516669954,8.1,-1.2,16.2,0.0,7.2,2.7
0.001775498125863089,8.6,-2.6,18.0,0.0,5.4,2.2
0.019530479384493978,11.0,5.7,17.5,0.0,6.1,2.9
0.0005918327086210297,10.2,2.0,18.7,0.0,3.5,1.3
0.0,13.0,5.8,20.9,0.0,4.2,1.6
0.000986387847701716,11.8,6.1,19.3,0.0,5.0,2.4
0.01163937660288025,11.4,4.9,18.1,0.0,5.8,2.4
0.0003945551390806864,11.8,6.1,19.3,0.0,5.0,2.4
0.0015782205563227457,12.2,4.1,18.7,0.0,5.3,2.4
0.02939435786151114,9.5,4.8,14.8,18.1,6.8,3.9
0.0029591635431051484,8.0,3.9,13.7,9.5,5.9,1.6
0.013612152298283681,8.8,4.0,15.6,23.5,6.9,2.6
0.00019727756954034323,11.0,2.3,19.3,0.0,4.2,1.6
0.0003945551390806864,11.0,3.3,18.7,0.0,4.6,1.4
0.000986387847701716,11.0,2.3,19.3,0.0,4.2,1.6
0.0,9.0,-1.7,18.1,0.0,5.5,1.8
0.0005918327086210297,11.3,1.1,21.1,0.0,3.6,1.1
0.001775498125863089,14.9,5.6,24.1,0.0,4.9,1.7
0.00019727756954034323,14.5,7.0,23.2,0.0,5.0,1.7
0.00019727756954034323,3.9,-3.5,14.4,0.0,2.8,0.8
0.00019727756954034323,5.0,-2.8,14.6,0.0,1.9,0.6
0.000986387847701716,4.4,-2.3,14.6,0.0,2.5,0.6
0.00019727756954034323,2.4,-4.5,12.2,0.0,2.4,0.7
0.000986387847701716,7.8,1.4,13.7,0.1,1.8,0.6
0.0013809429867824026,2.2,-4.3,8.5,0.5,6.1,3.3
0.0,-0.4,-4.4,6.4,0.0,4.4,2.1
0.0003945551390806864,-0.4,-4.4,6.4,0.0,4.4,2.1
0.012823042020122312,1.9,-1.4,6.4,0.0,4.3,2.5
0.0003945551390806864,3.4,-2.2,8.6,0.0,2.2,0.8
0.0003945551390806864,4.8,-5.0,15.8,0.0,4.0,1.6
0.000986387847701716,8.1,-1.3,15.6,0.0,4.3,1.6
0.0007891102781613729,6.4,-2.9,16.2,0.0,3.0,0.9
0.02939435786151114,4.8,-5.0,15.8,0.0,4.0,1.6
0.001775498125863089,8.8,3.5,14.6,0.0,8.4,3.4
0.000986387847701716,8.8,3.5,14.6,0.0,8.4,3.4
0.001775498125863089,7.6,0.1,15.3,0.0,4.1,1.8
0.0029591635431051484,7.6,0.1,15.3,0.0,4.1,1.8
0.001775498125863089,6.2,-0.5,15.5,0.0,5.0,2.3
0.0007891102781613729,6.2,-1.6,11.9,0.0,3.6,0.8
0.0,5.7,2.2,10.8,0.0,5.4,2.5
0.009666600907476819,6.9,-1.7,17.5,0.0,3.4,1.1
0.0,8.9,2.8,14.7,0.0,2.7,1.0
0.007693825212073386,10.0,2.3,16.1,0.2,4.6,1.8
0.005721049516669954,7.7,-0.5,14.6,1.1,4.0,1.4
0.0037482738212665213,7.1,0.5,16.8,0.0,4.5,1.5
0.0007891102781613729,14.2,10.1,19.5,0.0,3.7,1.7
0.013612152298283681,12.9,8.3,19.8,0.0,3.4,1.6
0.0037482738212665213,8.9,7.0,12.0,4.7,2.9,1.1
0.0005918327086210297,5.8,3.6,8.9,0.0,8.2,4.2
0.0007891102781613729,8.2,-0.5,17.2,0.0,7.4,2.4
0.001775498125863089,12.0,5.7,20.4,0.0,3.4,1.2
0.0,12.3,2.7,21.3,0.0,2.3,0.7
0.0003945551390806864,12.3,2.7,21.3,0.0,2.3,0.7
0.0003945551390806864,-6.3,-12.6,-0.4,0.0,2.3,0.7
0.0011836654172420595,-6.3,-12.6,-0.4,0.0,2.3,0.7
0.0003945551390806864,-7.3,-13.6,-1.6,0.0,4.4,1.6
0.0,-7.3,-13.6,-1.6,0.0,4.4,1.6
0.0003945551390806864,-7.7,-12.7,-1.5,0.0,3.9,1.1
0.0007891102781613729,-6.7,-11.5,-2.3,0.0,5.0,1.8
0.0,-7.4,-14.6,-2.3,5.3,3.1,1.1
0.00019727756954034323,-10.1,-18.2,-3.4,0.8,6.0,1.6
0.0003945551390806864,,,,,,
0.0003945551390806864,,,,,,
0.0003945551390806864,,,,,,
0.001775498125863089,,,,,,
0.0003945551390806864,,,,,,
0.00019727756954034323,3.9,-3.5,14.4,0.0,2.8,0.8
0.00019727756954034323,13.9,4.9,23.3,0.0,6.1,1.9
0.039258236338528305,14.9,4.7,24.3,0.0,4.3,1.6
0.002170053264943775,14.9,5.6,24.1,0.0,4.9,1.7
0.0015782205563227457,14.9,5.6,24.1,0.0,4.9,1.7
0.0003945551390806864,13.0,7.9,20.2,0.0,2.8,1.2
0.0,14.1,9.5,19.2,0.0,4.4,2.1
0.000986387847701716,13.6,4.4,21.2,0.0,4.5,1.6
0.000986387847701716,15.0,9.9,20.4,0.1,4.8,1.9
0.005721049516669954,16.5,13.4,22.1,0.1,3.1,1.5
0.00019727756954034323,18.1,8.5,29.2,0.0,3.8,1.3
0.00019727756954034323,18.7,9.1,28.1,0.0,3.1,1.1
0.0,20.0,12.6,25.6,0.0,3.5,1.6
0.0,16.7,7.4,27.6,0.0,8.2,2.2
0.009666600907476819,14.7,4.1,25.2,0.0,4.3,1.4
0.0,18.4,8.4,28.1,0.0,3.6,1.4
0.002761885973564805,15.6,9.5,20.3,0.0,5.0,3.1
0.0015782205563227457,14.1,4.5,23.4,0.0,7.1,2.3
0.019530479384493978,14.1,4.5,23.4,0.0,7.1,2.3
0.02939435786151114,13.8,3.8,23.6,0.0,4.8,1.8
0.0,13.9,4.1,23.0,0.0,5.7,1.9
0.0015782205563227457,14.7,7.4,22.7,0.0,5.2,2.1
0.0,14.4,8.1,21.4,0.0,4.3,2.2
0.0,15.1,5.2,23.7,0.0,5.0,1.7
0.0,15.3,9.4,23.0,0.0,4.6,2.0
0.000986387847701716,16.2,7.7,26.6,0.0,4.8,1.5
0.0015782205563227457,17.7,10.0,27.0,0.0,4.2,1.3
0.000986387847701716,17.7,10.0,27.0,0.0,4.2,1.3
0.039258236338528305,19.7,9.9,29.3,0.0,4.5,1.2
0.00019727756954034323,20.2,11.4,29.4,0.0,3.4,1.4
0.0037482738212665213,20.2,11.4,29.4,0.0,3.4,1.4
0.0,19.9,11.6,28.1,0.0,3.3,1.1
0.0013809429867824026,18.1,8.2,27.7,0.0,4.0,1.2
0.00019727756954034323,18.0,13.0,24.8,0.0,4.9,1.4
0.0,18.0,13.0,24.8,0.0,4.9,1.4
0.002761885973564805,19.6,12.3,27.4,0.0,3.1,1.3
0.0,20.2,12.3,28.3,0.0,2.9,1.2
0.0,22.1,15.2,28.2,0.0,2.3,1.0
0.0005918327086210297,21.4,18.1,25.0,0.0,7.2,3.7
0.001775498125863089,21.4,18.1,25.0,0.0,7.2,3.7
0.0,21.3,17.8,24.0,0.0,5.1,2.4
0.009666600907476819,18.9,9.0,28.0,0.0,5.5,2.1
0.0007891102781613729,21.1,11.1,31.3,0.0,2.7,1.1
0.0,23.5,14.5,31.7,0.0,4.4,1.3
0.00019727756954034323,19.0,9.6,28.1,0.0,4.8,1.7
0.001775498125863089,22.2,13.6,29.6,0.0,4.2,1.4
0.0003945551390806864,23.4,15.6,31.3,0.0,3.6,1.8
0.0,21.8,16.0,29.3,0.0,4.4,2.1
0.0015782205563227457,25.0,17.2,32.7,0.0,4.7,1.5
0.001775498125863089,25.7,17.4,34.2,0.0,4.1,1.5
0.0003945551390806864,25.2,21.3,30.0,0.0,4.7,2.9
0.0003945551390806864,23.4,19.7,28.2,0.0,4.8,1.7
0.0037482738212665213,23.4,16.5,30.2,0.0,4.0,1.6
0.0003945551390806864,-6.3,-12.6,-0.4,0.0,2.3,0.7
0.0011836654172420595,-6.3,-12.6,-0.4,0.0,2.3,0.7
0.0003945551390806864,-7.3,-13.6,-1.6,0.0,4.4,1.6
0.0,-7.3,-13.6,-1.6,0.0,4.4,1.6
0.0003945551390806864,-7.7,-12.7,-1.5,0.0,3.9,1.1
0.0007891102781613729,-6.7,-11.5,-2.3,0.0,5.0,1.8
0.0003945551390806864,-6.3,-12.6,-0.4,0.0,2.3,0.7
0.0011836654172420595,-6.3,-12.6,-0.4,0.0,2.3,0.7
0.0003945551390806864,-7.3,-13.6,-1.6,0.0,4.4,1.6
0.0,-7.3,-13.6,-1.6,0.0,4.4,1.6
0.0003945551390806864,-7.7,-12.7,-1.5,0.0,3.9,1.1
0.0007891102781613729,-6.7,-11.5,-2.3,0.0,5.0,1.8
0.0,-7.4,-14.6,-2.3,5.3,3.1,1.1
0.00019727756954034323,-10.1,-18.2,-3.4,0.8,6.0,1.6
0.0003945551390806864,,,,,,
0.0003945551390806864,,,,,,
0.0003945551390806864,,,,,,
0.001775498125863089,,,,,,
0.0003945551390806864,,,,,,
0.00019727756954034323,3.9,-3.5,14.4,0.0,2.8,0.8
0.00019727756954034323,5.0,-2.8,14.6,0.0,1.9,0.6
0.000986387847701716,4.4,-2.3,14.6,0.0,2.5,0.6
0.00019727756954034323,2.4,-4.5,12.2,0.0,2.4,0.7
0.0003945551390806864,-6.3,-12.6,-0.4,0.0,2.3,0.7
0.0011836654172420595,-6.3,-12.6,-0.4,0.0,2.3,0.7
0.0003945551390806864,-7.3,-13.6,-1.6,0.0,4.4,1.6
0.0,-7.3,-13.6,-1.6,0.0,4.4,1.6
0.0003945551390806864,-7.7,-12.7,-1.5,0.0,3.9,1.1
0.0007891102781613729,-6.7,-11.5,-2.3,0.0,5.0,1.8
0.0,-7.4,-14.6,-2.3,5.3,3.1,1.1
0.00019727756954034323,-10.1,-18.2,-3.4,0.8,6.0,1.6
0.0003945551390806864,,,,,,
0.0003945551390806864,,,,,,
0.0003945551390806864,,,,,,
0.001775498125863089,,,,,,
0.0003945551390806864,,,,,,
0.0007891102781613729,-6.2,-13.6,3.1,0.0,2.1,0.6
0.0,-2.6,-8.5,4.7,0.0,3.7,1.0
0.0037482738212665213,-4.7,-11.5,3.0,0.0,3.0,0.8
0.015584927993687115,-4.6,-10.5,1.5,0.0,6.7,2.4
0.00019727756954034323,-8.2,-15.1,-1.7,0.0,2.6,0.7
0.001775498125863089,-6.5,-14.6,0.2,0.0,2.5,0.8
0.0037482738212665213,9.3,4.5,17.9,0.0,3.1,0.7
0.0005918327086210297,-1.2,-6.0,2.7,0.0,4.7,2.0
0.006312882225290984,-1.5,-6.9,1.9,0.8,2.1,0.5
0.0013809429867824026,-1.2,-6.9,6.0,0.0,2.6,0.8
0.09844150720063127,2.1,-2.5,6.6,0.0,3.4,1.0
0.0003945551390806864,-7.6,-13.4,-1.0,0.0,2.9,0.8
0.00019727756954034323,-5.6,-10.8,-0.4,0.0,3.3,1.4
0.0,-1.7,-6.3,2.9,0.0,2.6,1.1
0.0037482738212665213,-3.0,-7.0,1.5,0.4,2.9,0.7
0.00019727756954034323,-1.2,-6.8,5.2,0.0,2.9,0.9
0.0033537186821858346,-3.7,-8.8,4.0,0.0,1.2,0.4
0.0029591635431051484,3.4,-2.8,8.4,0.0,3.3,1.8
0.0005918327086210297,0.4,-5.8,5.2,0.0,2.1,0.6
0.0007891102781613729,-3.4,-10.7,0.4,0.0,3.8,1.4
0.0,-3.1,-11.1,4.3,0.0,4.8,1.4
0.016768593410929174,-6.7,-11.2,0.3,0.0,3.2,1.7
0.002170053264943775,-4.9,-11.2,0.5,0.0,2.8,1.2
0.000986387847701716,-2.5,-7.5,3.1,0.0,4.9,2.0
0.00019727756954034323,-4.4,-11.0,1.8,0.0,4.4,1.3
0.002761885973564805,-1.4,-4.9,3.8,0.0,4.8,2.2
0.015584927993687115,-2.2,-9.4,5.8,0.0,3.8,1.2
0.0,-0.9,-7.2,6.0,0.0,2.9,0.9
0.0037482738212665213,4.6,-3.0,14.4,0.0,2.9,0.9
0.0015782205563227457,4.3,-2.9,13.8,0.0,3.5,1.0
0.0,4.2,-3.5,11.9,0.0,3.8,1.4
0.0003945551390806864,4.3,-4.4,12.8,0.0,2.7,0.9
0.0007891102781613729,5.6,-2.6,14.2,0.0,3.0,0.8
0.0029591635431051484,5.6,-2.6,14.2,0.0,3.0,0.8
0.0037482738212665213,5.6,-3.0,15.3,0.0,2.7,1.0
0.000986387847701716,7.5,-1.9,16.8,0.0,2.8,0.7
0.0,7.5,-1.9,16.8,0.0,2.8,0.7
0.0,8.1,-1.2,16.6,0.0,3.7,1.0
0.001775498125863089,7.5,-1.9,16.8,0.0,2.8,0.7
0.0003945551390806864,6.9,-2.5,16.2,0.0,2.3,0.9
0.000986387847701716,8.5,1.2,17.1,0.0,4.7,1.4
0.001775498125863089,7.7,3.0,15.9,0.0,4.1,1.4
0.019530479384493978,6.9,1.8,13.3,0.0,5.8,1.4
0.0,7.2,3.2,12.4,0.0,3.5,1.5
0.000986387847701716,7.2,3.2,12.4,0.0,3.5,1.5
0.0003945551390806864,5.7,-0.1,13.8,0.0,6.5,1.8
0.005721049516669954,6.4,0.8,14.2,0.0,5.3,1.9
0.0,4.6,-2.4,12.3,0.0,4.5,1.5
0.002761885973564805,7.0,1.9,13.8,0.0,4.7,1.8
0.0003945551390806864,5.1,-2.5,14.3,0.0,4.3,1.3
0.001775498125863089,5.1,-2.5,14.3,0.0,4.3,1.3
0.001775498125863089,4.8,-1.3,13.8,0.0,3.9,1.6
0.0,5.3,-3.7,14.5,0.0,3.7,1.6
0.0005918327086210297,5.1,-2.5,14.3,0.0,4.3,1.3
0.00019727756954034323,6.5,-2.3,15.9,0.0,4.1,1.0
0.0013809429867824026,4.9,-3.8,13.8,0.0,3.5,1.0
0.000986387847701716,6.5,-2.3,15.9,0.0,4.1,1.0
0.005721049516669954,4.9,-3.8,13.8,0.0,3.5,1.0
0.0003945551390806864,8.6,3.7,15.0,0.0,2.5,1.2
0.0029591635431051484,2.5,-3.3,9.4,0.2,10.8,3.3
0.0037482738212665213,1.4,-5.4,8.5,0.0,8.2,2.1
0.002761885973564805,2.5,-4.2,8.6,0.0,7.3,2.9
0.0013809429867824026,1.4,-5.4,8.5,0.0,8.2,2.1
0.0003945551390806864,3.4,-5.1,10.8,0.0,5.4,1.4
0.0,5.4,-0.7,12.8,0.0,4.9,1.6
0.0003945551390806864,5.9,-1.6,14.5,0.0,3.8,1.3
0.0003945551390806864,8.4,-0.3,17.6,0.0,3.7,1.1
0.019530479384493978,8.6,0.2,18.3,0.0,2.8,0.9
0.0003945551390806864,9.2,0.4,19.8,0.0,3.4,1.3
0.0,9.5,1.2,15.0,0.0,6.4,2.5
0.001775498125863089,9.2,5.2,15.4,0.0,4.7,2.1
0.002761885973564805,11.4,6.7,16.2,0.0,3.9,2.1
0.013020319589662654,10.9,6.7,15.9,0.0,4.3,2.4
0.005721049516669954,10.9,6.7,15.9,0.0,4.3,2.4
0.00019727756954034323,5.0,-2.8,14.6,0.0,1.9,0.6
0.001775498125863089,10.9,5.1,17.2,0.0,6.4,2.8
0.0037482738212665213,10.4,4.0,18.1,0.0,6.2,2.5
0.005721049516669954,9.4,2.3,16.7,0.0,5.3,2.4
0.005721049516669954,12.5,7.2,19.4,0.0,4.0,2.0
0.000986387847701716,10.5,1.6,17.7,0.0,4.5,1.7
0.019530479384493978,10.5,1.6,17.7,0.0,4.5,1.7
0.0,10.5,1.6,17.7,0.0,4.5,1.7
0.0029591635431051484,10.9,1.8,18.7,0.0,4.2,1.8
0.0007891102781613729,9.6,2.2,17.6,0.0,4.6,1.5
0.009666600907476819,10.1,1.1,19.5,0.0,4.7,1.5
0.0003945551390806864,9.6,2.2,17.6,0.0,4.6,1.5
0.0,10.5,1.7,18.6,0.0,3.1,1.2
0.0,9.6,2.2,17.6,0.0,4.6,1.5
0.009666600907476819,10.8,2.3,21.2,0.0,5.6,1.3
0.001775498125863089,11.8,1.7,21.0,0.0,2.6,0.9
0.000986387847701716,11.8,1.7,21.0,0.0,2.6,0.9
0.0007891102781613729,11.8,1.7,21.0,0.0,2.6,0.9
0.00019727756954034323,11.7,1.9,20.3,0.0,3.9,1.1
0.0007891102781613729,10.8,2.3,21.2,0.0,5.6,1.3
0.006312882225290984,13.5,5.0,20.9,1.4,3.6,1.1
0.00019727756954034323,13.5,5.0,20.9,1.4,3.6,1.1
0.0,7.5,4.4,12.8,0.0,6.1,3.2
0.0013809429867824026,7.5,4.4,12.8,0.0,6.1,3.2
0.0005918327086210297,6.2,-3.1,15.3,0.0,3.4,1.5
0.001775498125863089,7.4,-1.0,15.8,0.0,4.6,1.6
0.0003945551390806864,6.2,-3.1,15.3,0.0,3.4,1.5
0.005326494377589268,8.2,-0.8,15.7,0.0,3.0,1.1
0.010455711185638192,8.2,-0.8,15.7,0.0,3.0,1.1
0.019530479384493978,9.9,2.1,17.7,0.0,3.2,1.0
0.0007891102781613729,9.9,2.1,17.7,0.0,3.2,1.0
0.0003945551390806864,6.8,-2.4,16.1,0.0,3.6,1.1
0.07378181100808837,11.1,6.6,17.6,0.0,7.4,3.0
0.005721049516669954,12.3,5.6,20.0,0.0,5.4,2.1
0.019530479384493978,9.6,2.5,17.9,0.0,6.7,2.0
0.012823042020122312,9.6,2.5,17.9,0.0,6.7,2.0
0.0031564411126454917,11.8,4.9,20.4,0.0,5.9,2.1
0.03235352140461629,6.8,-2.1,15.9,0.0,5.1,1.7
0.008877490629315445,8.7,1.9,15.4,0.0,5.1,2.0
0.0,8.7,1.9,15.4,0.0,5.1,2.0
0.0019727756954034323,9.4,-0.1,18.3,0.0,3.9,1.4
0.0003945551390806864,9.5,0.0,18.6,0.0,4.7,1.9
0.000986387847701716,8.1,2.3,13.6,0.0,6.3,2.8
0.019530479384493978,8.9,4.6,13.7,0.0,7.7,3.5
0.12211481554547246,8.9,3.2,15.3,0.0,6.1,2.2
0.0007891102781613729,8.9,4.6,13.7,0.0,7.7,3.5
0.0015782205563227457,7.9,1.2,14.4,0.0,3.5,1.8
0.0037482738212665213,5.7,-3.8,15.3,0.0,5.3,1.5
0.0037482738212665213,6.7,2.0,11.8,0.0,5.3,2.6
0.05306766620635234,7.9,1.2,14.4,0.0,3.5,1.8
0.001775498125863089,5.7,-3.8,15.3,0.0,5.3,1.5
0.0,7.1,0.2,16.2,0.0,6.4,1.7
0.0003945551390806864,8.2,1.1,15.7,0.0,5.9,2.2
0.001775498125863089,9.0,-0.4,17.6,0.0,3.8,1.5
0.000986387847701716,8.2,1.1,15.7,0.0,5.9,2.2
0.0003945551390806864,8.9,1.3,17.9,0.0,5.3,1.6
0.002367330834484119,8.8,3.7,13.9,0.0,7.1,3.3
0.001775498125863089,8.5,0.5,16.0,0.0,6.4,2.3
0.009666600907476819,7.6,-1.4,14.6,0.0,5.2,2.3
0.012428486881041624,8.2,2.0,14.0,0.0,6.1,2.3
0.019530479384493978,8.9,0.3,16.0,0.0,3.9,1.5
0.013612152298283681,8.9,0.4,16.6,0.0,4.6,1.7
0.0,10.0,2.3,17.4,0.0,2.9,1.2
0.0015782205563227457,8.5,1.2,15.3,0.0,3.9,1.1
0.00019727756954034323,10.5,3.5,15.5,0.0,3.8,1.3
0.005721049516669954,10.5,3.5,15.5,0.0,3.8,1.3
0.0,9.5,3.9,16.6,0.0,3.7,1.7
0.000986387847701716,9.3,2.0,14.7,0.0,5.8,2.3
0.0003945551390806864,9.6,2.4,15.5,0.0,5.4,2.3
0.000986387847701716,9.3,2.0,14.7,0.0,5.8,2.3
0.000986387847701716,8.2,1.1,15.1,0.1,7.5,3.0
0.0007891102781613729,10.7,5.1,19.5,0.0,5.8,2.5
0.001775498125863089,11.1,4.4,19.4,0.0,5.8,2.0
0.0,10.7,5.1,19.5,0.0,5.8,2.5
0.05405405405405404,11.1,4.4,19.4,0.0,5.8,2.0
0.009666600907476819,11.9,1.6,21.8,0.0,3.4,1.4
0.013612152298283681,11.9,1.6,21.8,0.0,3.4,1.4
0.07003353718682184,11.3,4.9,18.8,0.0,4.9,2.1
0.002367330834484119,11.3,4.9,18.8,0.0,4.9,2.1
0.0011836654172420595,11.3,4.9,18.8,0.0,4.9,2.1
0.0015782205563227457,9.7,3.7,15.6,0.0,4.5,2.4
0.0,11.9,1.6,21.8,0.0,3.4,1.4
0.004734661668968238,11.5,3.3,19.6,0.0,5.0,1.7
0.0003945551390806864,11.5,3.3,19.6,0.0,5.0,1.7
0.001775498125863089,12.8,2.7,22.4,0.0,3.1,1.2
0.00019727756954034323,12.8,2.7,22.4,0.0,3.1,1.2
0.001775498125863089,12.8,2.7,22.4,0.0,3.1,1.2
0.0,14.3,5.1,23.5,0.0,4.6,1.9
0.0003945551390806864,14.3,5.1,23.5,0.0,4.6,1.9
0.002761885973564805,14.3,5.1,23.5,0.0,4.6,1.9
0.0,12.8,9.1,18.1,0.0,5.3,2.5
0.0,12.8,9.1,18.1,0.0,5.3,2.5
0.0,6.7,3.4,10.6,0.0,5.4,3.1
0.009666600907476819,11.3,2.8,19.8,0.0,6.8,2.0
0.0,12.9,6.5,19.8,0.0,4.2,2.0
0.006312882225290984,11.8,5.2,18.4,0.0,6.1,2.5
0.001775498125863089,11.6,3.9,19.1,0.0,5.0,1.6
0.00019727756954034323,10.6,4.1,17.9,0.0,7.4,1.4
0.001775498125863089,12.6,3.5,21.1,0.0,6.6,2.3
0.0007891102781613729,13.4,2.9,21.9,0.0,4.6,1.8
0.0,14.4,8.8,21.8,0.0,5.1,2.0
0.0007891102781613729,14.6,6.7,23.4,0.0,3.2,1.3
0.0037482738212665213,14.0,7.1,22.3,0.0,5.7,2.0
0.0,16.5,4.9,25.5,0.0,4.5,1.6
0.002170053264943775,15.4,5.1,24.6,0.0,7.1,2.1
0.001775498125863089,16.1,5.3,24.9,0.0,4.7,1.4
0.011442099033339906,16.1,5.3,24.9,0.0,4.7,1.4
0.0,20.4,15.9,27.0,0.0,4.3,2.2
0.0003945551390806864,17.9,9.4,27.0,0.0,2.7,1.1
0.00019727756954034323,19.2,10.8,26.4,0.0,3.2,1.1
0.001775498125863089,18.7,12.7,25.5,1.4,3.0,1.1
0.00019727756954034323,25.0,18.6,32.0,0.0,3.1,1.2
0.0005918327086210297,26.1,18.7,34.1,0.0,3.2,1.4
0.0,26.1,18.7,34.1,0.0,3.2,1.4
0.001775498125863089,26.3,17.8,34.0,0.0,2.4,1.0
0.00019727756954034323,24.1,20.4,29.6,4.4,5.5,1.9
0.0,23.4,19.6,29.5,0.0,4.1,1.9
0.00019727756954034323,22.6,17.3,29.2,0.0,3.7,1.1
0.0,22.6,17.3,29.2,0.0,3.7,1.1
0.000986387847701716,24.2,18.5,31.9,0.0,4.7,1.7
0.0011836654172420595,26.8,19.1,35.0,0.0,2.7,1.1
0.0,25.5,20.8,30.2,0.0,3.5,1.4
0.0,25.5,20.8,30.2,0.0,3.5,1.4
0.0,14.3,7.9,22.0,0.0,2.8,0.9
0.0,11.0,6.2,19.0,0.0,2.6,0.8
0.007693825212073386,14.0,7.1,21.0,0.0,3.5,1.1
0.001775498125863089,12.9,7.8,19.8,0.0,3.6,1.3
0.0003945551390806864,9.5,2.2,16.4,0.0,3.7,1.2
0.001775498125863089,8.3,1.0,16.5,0.0,2.3,0.8
0.0005918327086210297,9.2,1.3,18.9,0.0,1.8,0.8
0.000986387847701716,10.0,1.3,18.1,0.0,4.0,1.3
0.0007891102781613729,10.0,1.3,18.1,0.0,4.0,1.3
0.0003945551390806864,4.9,-0.4,10.7,0.0,5.1,1.9
0.0,7.9,2.7,13.3,0.0,7.0,2.9
0.0003945551390806864,7.9,2.7,13.3,0.0,7.0,2.9
0.0007891102781613729,-1.3,-7.7,5.6,0.0,2.6,0.9
0.0,0.3,-3.3,5.4,0.0,2.8,0.9
0.002761885973564805,-2.4,-8.0,4.1,0.0,3.9,0.9
0.0007891102781613729,-1.5,-7.8,6.0,0.0,2.9,0.9
0.0,2.9,-0.5,9.5,0.0,4.9,1.1
0.0029591635431051484,2.2,-1.8,8.2,0.0,4.4,1.1
0.00019727756954034323,0.1,-4.3,5.7,0.0,5.3,1.4
0.0011836654172420595,1.0,-6.4,5.8,0.0,2.3,0.9
0.0003945551390806864,4.6,-1.0,9.8,0.0,2.2,0.8
0.0003945551390806864,1.9,-2.2,7.7,0.0,4.7,1.6
0.000986387847701716,-1.2,-8.7,5.9,1.7,3.7,1.5
0.0037482738212665213,-1.2,-8.7,5.9,1.7,3.7,1.5
0.0015782205563227457,-6.5,-9.5,-2.0,0.0,3.3,1.8
0.0,-1.3,-6.3,3.7,0.0,4.8,1.8
0.0003945551390806864,-1.3,-6.3,3.7,0.0,4.8,1.8
0.0,-0.9,-7.0,3.9,0.0,5.3,1.6
0.0,3.2,-1.9,10.5,0.0,4.5,1.2
0.0003945551390806864,3.2,-5.1,13.3,0.0,3.4,0.9
0.0037482738212665213,4.7,-4.0,14.7,0.0,3.2,0.9
0.000986387847701716,4.4,-4.9,13.9,0.0,2.0,0.6
0.0,5.3,-0.8,11.1,0.0,3.0,1.0
0.0,7.0,-0.7,13.7,0.0,2.9,1.1
0.0011836654172420595,1.3,-1.7,5.4,0.0,6.3,2.6
0.0003945551390806864,2.5,-2.8,8.2,0.0,3.7,1.8
0.0,1.8,-3.0,8.6,0.0,4.2,1.8
0.0037482738212665213,2.6,-5.7,10.8,0.0,1.9,0.7
0.0025646084040244622,3.9,-3.0,13.0,0.0,3.2,1.0
0.00019727756954034323,3.9,-3.0,13.0,0.0,3.2,1.0
0.002761885973564805,5.7,-0.6,12.5,0.0,2.9,0.8
0.0015782205563227457,7.5,-1.0,17.4,0.0,2.3,0.7
0.001775498125863089,9.9,0.9,17.6,0.0,1.9,0.8
0.0,7.6,-2.0,15.3,0.0,2.4,0.7
0.0,9.5,-0.4,17.1,0.0,2.5,0.7
0.0003945551390806864,6.5,-1.0,14.1,0.0,6.3,2.2
0.0003945551390806864,3.9,-2.9,8.9,0.0,6.4,3.0
0.0005918327086210297,4.9,-1.7,10.7,0.0,5.3,2.3
0.001775498125863089,2.9,-0.9,10.5,0.0,8.9,3.1
0.0005918327086210297,4.5,1.0,9.4,0.0,9.7,4.1
0.017557703689090546,4.9,1.0,11.2,0.0,7.4,2.7
0.015584927993687115,4.9,1.0,11.2,0.0,7.4,2.7
0.0011836654172420595,3.3,-2.4,9.5,0.0,5.2,2.1
0.0013809429867824026,4.3,-1.7,11.1,0.0,5.3,1.8
0.002761885973564805,4.0,1.8,8.9,0.1,3.0,1.0
0.0003945551390806864,6.5,-3.5,15.7,0.0,5.2,1.5
0.0,8.4,2.9,13.5,0.0,9.9,4.3
0.0029591635431051484,8.4,2.9,13.5,0.0,9.9,4.3
0.00019727756954034323,7.3,-1.3,14.6,0.0,6.4,2.6
0.0031564411126454917,11.6,2.6,19.4,0.0,3.5,1.1
0.001775498125863089,11.7,0.3,21.7,0.0,3.5,1.3
0.0,11.6,2.6,19.4,0.0,3.5,1.1
0.0019727756954034323,12.2,5.8,19.7,0.0,4.4,1.7
0.0005918327086210297,12.5,7.2,19.4,0.0,4.0,2.0
0.000986387847701716,6.0,2.3,8.9,0.9,7.3,3.3
0.0003945551390806864,6.7,-1.7,14.9,0.0,1.7,0.6
0.0003945551390806864,13.3,9.0,17.5,0.0,5.8,2.2
0.0003945551390806864,8.4,4.3,13.8,0.0,5.2,2.3
0.009666600907476819,7.9,2.7,13.3,0.0,7.0,2.9
0.027421582166107704,8.4,4.3,13.8,0.0,5.2,2.3
0.0003945551390806864,7.9,2.7,13.3,0.0,7.0,2.9
0.001775498125863089,7.9,2.7,13.3,0.0,7.0,2.9
0.0007891102781613729,8.4,4.3,13.8,0.0,5.2,2.3
0.0033537186821858346,5.4,-1.3,11.0,0.0,4.2,1.4
0.05898599329256263,6.1,-0.7,13.5,0.0,3.8,1.1
0.004931939238508582,8.4,1.0,19.0,0.0,3.0,0.7
0.000986387847701716,8.4,1.0,19.0,0.0,3.0,0.7
0.000986387847701716,9.2,3.0,17.9,0.0,3.4,0.6
0.0011836654172420595,8.7,3.6,15.9,0.0,4.2,0.9
0.0,11.5,5.4,17.9,0.0,3.0,0.9
0.0,13.0,5.7,19.4,0.0,2.5,0.8
0.0,1.0,-6.4,5.8,0.0,2.3,0.9
0.0,1.0,-6.4,5.8,0.0,2.3,0.9
0.0,5.5,2.4,9.5,0.0,2.3,1.0
0.0,2.4,-1.4,6.8,0.0,5.2,1.8
0.002761885973564805,-4.5,-8.9,0.0,0.0,5.4,1.9
0.000986387847701716,3.6,-3.0,9.2,0.0,4.3,1.4
0.0007891102781613729,2.4,-0.7,7.0,0.0,5.6,1.9
0.0,2.4,-0.7,7.0,0.0,5.6,1.9
0.0003945551390806864,4.7,-0.1,9.1,0.0,3.5,1.2
0.000986387847701716,5.3,-0.4,12.4,0.0,3.2,0.9
0.001775498125863089,4.2,-2.6,11.6,0.0,2.9,0.9
0.05898599329256263,-6.7,-10.2,-2.6,0.0,5.2,2.8
0.002761885973564805,-9.0,-14.7,-4.1,0.0,4.0,2.1
0.0,-8.4,-11.7,-4.0,0.0,5.9,2.9
0.0005918327086210297,-10.3,-16.4,-5.3,0.0,4.3,2.2
0.0037482738212665213,-0.3,-6.5,5.9,0.0,5.9,2.7
0.000986387847701716,-6.5,-10.6,-0.6,0.0,6.8,3.0
0.0,-2.1,-8.5,4.5,0.1,5.6,1.7
0.000986387847701716,-2.1,-8.5,4.5,0.1,5.6,1.7
0.009666600907476819,-2.4,-9.4,5.5,0.0,5.5,2.1
0.005721049516669954,-2.2,-5.9,2.4,0.0,5.2,2.5
0.000986387847701716,-2.8,-7.7,2.5,0.0,4.4,2.3
0.0,0.7,-4.2,7.4,0.0,3.9,1.1
0.01163937660288025,1.6,-2.5,8.8,0.0,4.2,1.5
0.001775498125863089,-0.9,-8.8,8.8,0.0,4.5,1.0
0.0013809429867824026,-0.9,-8.8,8.8,0.0,4.5,1.0
0.0015782205563227457,-0.9,-8.8,8.8,0.0,4.5,1.0
0.000986387847701716,6.4,0.4,12.8,0.0,4.3,1.5
0.001775498125863089,6.2,1.3,13.4,0.0,4.0,1.4
0.0003945551390806864,7.0,0.1,16.7,0.0,3.8,1.2
0.0,6.9,-1.5,16.2,0.0,3.2,1.0
0.0029591635431051484,12.3,2.3,19.4,0.0,5.3,1.8
0.0029591635431051484,8.9,-1.8,15.4,0.0,6.1,2.3
0.0013809429867824026,12.3,2.3,19.4,0.0,5.3,1.8
0.0029591635431051484,14.5,6.7,23.1,0.0,4.5,1.4
0.001775498125863089,5.6,-2.1,14.0,0.0,3.8,1.4
0.0015782205563227457,7.2,3.7,14.9,0.0,4.7,1.8
0.0029591635431051484,9.9,4.5,19.0,0.0,5.4,1.9
0.009666600907476819,10.8,2.1,20.1,0.0,4.4,1.3
0.0011836654172420595,13.3,4.0,21.8,0.0,4.7,1.6
0.0003945551390806864,10.3,1.9,18.8,0.0,5.2,1.9
0.0,15.7,10.1,22.5,0.0,4.1,1.4
0.000986387847701716,14.9,8.9,21.6,0.0,3.9,1.8
0.009666600907476819,14.9,8.9,21.6,0.0,3.9,1.8
0.02939435786151114,13.8,6.3,23.8,0.0,5.7,1.9
0.001775498125863089,14.9,8.9,21.6,0.0,3.9,1.8
0.0,13.5,7.1,21.3,0.0,4.7,1.7
0.009666600907476819,14.1,7.1,22.3,0.0,4.0,1.7
0.0015782205563227457,17.2,12.0,25.0,0.0,4.9,1.5
0.009666600907476819,18.0,12.1,24.5,0.0,4.3,1.8
0.0003945551390806864,5.0,1.6,9.8,0.3,7.2,4.2
0.009666600907476819,12.2,0.5,21.8,5.1,10.1,4.5
0.001775498125863089,12.8,4.5,21.6,0.0,9.1,3.1
0.009666600907476819,12.5,2.9,19.0,0.0,4.1,1.8
0.001775498125863089,12.4,4.3,21.1,0.0,4.8,1.7
0.002761885973564805,17.9,8.1,28.5,0.0,4.0,1.2
0.01163937660288025,18.4,9.2,28.8,0.0,4.4,1.5
0.0,18.4,9.2,28.8,0.0,4.4,1.5
0.019530479384493978,17.2,8.7,27.3,0.0,4.8,1.3
0.002761885973564805,15.2,7.2,24.0,0.0,3.9,1.2
0.000986387847701716,4.4,-2.3,14.6,0.0,2.5,0.6
0.00019727756954034323,2.4,-4.5,12.2,0.0,2.4,0.7
0.0003945551390806864,-6.3,-12.6,-0.4,0.0,2.3,0.7
0.0011836654172420595,-6.3,-12.6,-0.4,0.0,2.3,0.7
0.0003945551390806864,-7.3,-13.6,-1.6,0.0,4.4,1.6
0.0,-7.3,-13.6,-1.6,0.0,4.4,1.6
0.0003945551390806864,-7.7,-12.7,-1.5,0.0,3.9,1.1
0.0007891102781613729,-6.7,-11.5,-2.3,0.0,5.0,1.8
0.0,-7.4,-14.6,-2.3,5.3,3.1,1.1
0.00019727756954034323,-10.1,-18.2,-3.4,0.8,6.0,1.6
0.0003945551390806864,,,,,,
0.0003945551390806864,,,,,,
0.0003945551390806864,,,,,,
0.001775498125863089,,,,,,
0.0003945551390806864,,,,,,
0.0003945551390806864,23.3,14.9,31.9,0.0,3.9,1.5
0.0013809429867824026,23.5,17.1,29.5,0.1,5.7,2.4
0.000986387847701716,30.9,25.3,35.9,0.0,5.2,2.2
0.0,31.6,26.6,36.3,0.0,4.0,1.9
0.00019727756954034323,3.9,-3.5,14.4,0.0,2.8,0.8
0.00019727756954034323,5.0,-2.8,14.6,0.0,1.9,0.6
0.000986387847701716,4.4,-2.3,14.6,0.0,2.5,0.6
0.00019727756954034323,2.4,-4.5,12.2,0.0,2.4,0.7
0.000986387847701716,7.8,1.4,13.7,0.1,1.8,0.6
0.0013809429867824026,2.2,-4.3,8.5,0.5,6.1,3.3
0.0,-0.4,-4.4,6.4,0.0,4.4,2.1
0.0003945551390806864,-0.4,-4.4,6.4,0.0,4.4,2.1
0.012823042020122312,1.9,-1.4,6.4,0.0,4.3,2.5
0.0,32.0,27.8,38.1,0.0,4.0,1.5
0.00019727756954034323,29.5,25.6,35.2,0.5,4.3,1.3
0.004340106529887551,30.3,25.8,35.6,2.8,4.7,2.3
0.005721049516669954,32.4,28.6,39.2,0.0,4.7,2.1
0.0,30.0,24.7,35.9,0.0,6.3,3.7
0.0037482738212665213,25.7,19.2,32.4,0.0,4.5,2.8
0.009666600907476819,25.8,21.5,32.1,0.0,5.6,2.5
0.0,28.3,24.3,32.8,0.0,3.8,2.3
0.0005918327086210297,19.8,13.2,26.8,0.0,2.4,1.1
0.0003945551390806864,3.4,-2.2,8.6,0.0,2.2,0.8
0.0003945551390806864,4.8,-5.0,15.8,0.0,4.0,1.6
0.000986387847701716,8.1,-1.3,15.6,0.0,4.3,1.6
0.0007891102781613729,6.4,-2.9,16.2,0.0,3.0,0.9
0.02939435786151114,4.8,-5.0,15.8,0.0,4.0,1.6
0.001775498125863089,8.8,3.5,14.6,0.0,8.4,3.4
0.000986387847701716,8.8,3.5,14.6,0.0,8.4,3.4
0.001775498125863089,7.6,0.1,15.3,0.0,4.1,1.8
0.0029591635431051484,7.6,0.1,15.3,0.0,4.1,1.8
0.001775498125863089,6.2,-0.5,15.5,0.0,5.0,2.3
0.0007891102781613729,6.2,-1.6,11.9,0.0,3.6,0.8
0.0,5.7,2.2,10.8,0.0,5.4,2.5
0.009666600907476819,6.9,-1.7,17.5,0.0,3.4,1.1
0.0,8.9,2.8,14.7,0.0,2.7,1.0
0.007693825212073386,10.0,2.3,16.1,0.2,4.6,1.8
0.005721049516669954,7.7,-0.5,14.6,1.1,4.0,1.4
0.0037482738212665213,7.1,0.5,16.8,0.0,4.5,1.5
0.0007891102781613729,14.2,10.1,19.5,0.0,3.7,1.7
0.013612152298283681,12.9,8.3,19.8,0.0,3.4,1.6
0.0037482738212665213,8.9,7.0,12.0,4.7,2.9,1.1
0.0005918327086210297,5.8,3.6,8.9,0.0,8.2,4.2
0.0007891102781613729,8.2,-0.5,17.2,0.0,7.4,2.4
0.001775498125863089,12.0,5.7,20.4,0.0,3.4,1.2
0.0,12.3,2.7,21.3,0.0,2.3,0.7
0.0003945551390806864,12.3,2.7,21.3,0.0,2.3,0.7
0.0,11.8,6.3,18.3,0.0,3.8,1.3
0.0037482738212665213,12.1,3.0,22.6,0.0,6.1,1.9
0.0,15.9,10.3,21.9,30.5,8.8,4.9
0.0,12.8,3.0,21.6,0.0,4.4,1.4
0.0011836654172420595,12.0,4.0,20.7,0.0,4.0,1.6
0.0,13.5,5.5,20.6,0.0,4.6,1.9
0.0,12.6,3.9,19.4,0.0,5.3,2.1
0.05898599329256263,15.3,7.6,24.3,0.0,7.1,2.1
0.019530479384493978,15.2,5.1,24.8,0.0,4.7,1.6
0.0007891102781613729,15.2,5.1,24.8,0.0,4.7,1.6
0.009666600907476819,15.2,5.1,24.8,0.0,4.7,1.6
0.0,17.2,7.6,25.8,0.0,4.3,1.6
0.019530479384493978,17.8,9.0,27.3,0.0,4.9,1.5
0.019530479384493978,15.3,6.6,24.7,0.0,4.9,1.5
0.017557703689090546,9.1,0.0,21.0,0.0,3.8,1.2
0.001775498125863089,8.7,-0.9,19.4,0.0,3.0,1.1
0.01163937660288025,8.7,-0.9,19.4,0.0,3.0,1.1
0.039258236338528305,8.7,-0.9,19.4,0.0,3.0,1.1
0.0003945551390806864,9.1,0.0,21.0,0.0,3.8,1.2
0.00019727756954034323,7.7,4.3,13.5,0.0,4.2,2.2
0.007693825212073386,6.7,0.1,13.8,0.0,5.2,1.9
0.00019727756954034323,7.1,-1.5,16.6,0.0,6.5,1.9
0.019530479384493978,8.9,2.0,15.4,0.0,4.0,1.7
0.009666600907476819,8.3,1.6,17.2,0.0,4.4,1.5
0.0005918327086210297,7.5,2.7,14.6,0.0,5.0,1.8
0.0,7.6,0.6,14.6,0.0,2.6,1.1
0.0,7.6,0.6,14.6,0.0,2.6,1.1
0.001775498125863089,7.2,2.3,12.4,0.0,5.4,1.8
0.014795817715525742,5.8,-1.5,12.2,0.0,3.5,1.4
0.0037482738212665213,4.9,-0.3,10.0,1.8,6.4,2.1
0.005721049516669954,6.7,3.3,12.0,0.0,5.7,2.5
0.0,7.0,2.3,13.2,0.0,3.9,1.7
0.009666600907476819,7.0,2.3,13.2,0.0,3.9,1.7
0.01163937660288025,8.0,0.8,16.7,0.0,4.3,1.7
0.001775498125863089,8.1,-0.2,15.5,0.0,3.4,1.4
0.0,5.9,-1.4,14.0,0.0,3.5,1.0
0.009666600907476819,8.1,-0.2,15.5,0.0,3.4,1.4
0.004931939238508582,8.1,-0.2,15.5,0.0,3.4,1.4
0.003550996251726178,8.7,0.8,17.3,0.0,4.9,1.8
0.0029591635431051484,9.6,-1.5,19.6,0.0,3.4,1.5
0.001775498125863089,9.7,0.8,20.0,0.0,3.6,1.4
0.002761885973564805,10.3,0.0,19.3,0.0,3.5,1.6
0.005721049516669954,8.7,0.8,17.3,0.0,4.9,1.8
0.009666600907476819,19.2,9.2,28.0,0.0,3.6,1.2
0.00019727756954034323,18.9,8.6,26.1,0.0,3.0,1.1
0.019530479384493978,13.3,5.1,21.4,0.0,4.6,2.0
0.0,19.3,13.7,26.4,0.0,3.4,1.5
0.0037482738212665213,17.7,11.0,25.6,16.0,6.8,2.2
0.009666600907476819,17.8,10.2,26.0,0.0,3.8,1.4
0.0037482738212665213,20.2,10.3,30.1,0.0,4.6,1.5
0.05898599329256263,20.2,10.3,30.1,0.0,4.6,1.5
0.003550996251726178,21.1,12.0,31.9,0.0,5.1,1.4
0.0,19.0,12.7,27.5,0.0,4.8,1.8
0.0037482738212665213,9.0,5.1,14.7,1.0,6.5,1.9
0.00019727756954034323,6.9,-1.9,16.2,0.0,4.9,1.3
0.005721049516669954,10.0,2.1,19.1,0.0,4.9,1.6
0.0037482738212665213,10.3,0.1,20.4,0.0,4.9,1.5
0.049122114815545466,10.0,2.1,19.1,0.0,4.9,1.6
0.005721049516669954,10.8,1.1,21.3,0.0,5.8,1.8
0.01163937660288025,12.6,2.0,22.7,0.0,4.4,1.4
0.017557703689090546,12.6,2.0,22.7,0.0,4.4,1.4
0.001775498125863089,12.9,3.3,22.5,0.0,4.5,1.6
0.0,12.9,3.3,22.5,0.0,4.5,1.6
0.009666600907476819,12.6,2.0,22.7,0.0,4.4,1.4
0.002761885973564805,10.1,-0.3,20.3,0.0,4.9,1.3
0.001775498125863089,12.3,10.2,14.7,33.8,5.4,2.0
0.0037482738212665213,14.6,7.4,22.3,0.0,4.8,2.1
0.0007891102781613729,14.6,6.1,22.3,0.0,3.8,1.7
0.001775498125863089,15.7,7.1,24.3,0.0,4.5,1.8
0.0003945551390806864,14.6,7.4,22.3,0.0,4.8,2.1
0.019530479384493978,12.4,7.2,17.2,0.0,5.8,3.3
0.0003945551390806864,10.9,6.0,18.3,0.0,8.3,3.6
0.0029591635431051484,12.4,7.2,17.2,0.0,5.8,3.3
0.049122114815545466,12.4,7.2,17.2,0.0,5.8,3.3
0.001775498125863089,12.0,8.0,16.6,0.0,6.6,3.4
0.0031564411126454917,12.3,4.8,20.4,0.0,5.3,2.1
0.007693825212073386,12.7,4.5,19.5,0.0,7.5,2.6
0.005721049516669954,21.3,12.6,31.1,0.0,6.4,1.6
0.004340106529887551,21.9,9.9,31.6,0.0,2.9,1.1
0.001775498125863089,21.5,11.6,31.8,0.0,4.6,1.3
0.007693825212073386,22.4,10.8,32.0,0.0,3.1,1.3
0.013612152298283681,23.4,14.2,32.2,0.0,3.5,1.4
0.0003945551390806864,22.7,15.4,30.3,0.0,4.9,1.6
0.001775498125863089,22.7,15.4,30.3,0.0,4.9,1.6
0.0145985401459854,22.6,14.7,29.9,0.0,3.4,1.4
0.01163937660288025,21.4,12.9,29.2,0.0,3.4,1.3
0.0,20.6,11.8,29.2,0.0,5.7,1.7
0.005721049516669954,21.4,12.9,29.2,0.0,3.4,1.3
0.005721049516669954,21.1,13.9,28.5,0.0,4.3,1.5
0.0,21.1,13.9,28.5,0.0,4.3,1.5
0.000986387847701716,21.2,13.0,28.2,0.0,3.5,1.2
0.005721049516669954,20.5,12.6,29.3,0.0,4.6,1.7
0.0015782205563227457,22.2,14.8,30.9,0.0,6.2,2.0
0.02939435786151114,23.3,18.1,29.1,0.0,5.6,2.8
0.00019727756954034323,23.3,18.1,29.1,0.0,5.6,2.8
0.0005918327086210297,23.0,16.3,29.8,0.0,8.9,3.5
0.0007891102781613729,23.3,18.1,29.1,0.0,5.6,2.8
0.0015782205563227457,22.7,13.9,32.1,0.0,6.3,1.6
0.09844150720063127,22.7,13.9,32.1,0.0,6.3,1.6
0.005721049516669954,22.7,13.9,32.1,0.0,6.3,1.6
0.002761885973564805,18.0,9.2,26.7,0.0,3.4,1.1
0.0003945551390806864,11.4,4.4,18.0,0.0,5.0,2.0
0.005721049516669954,13.7,5.8,23.7,0.0,6.1,1.9
0.0,12.2,3.4,22.2,0.0,5.0,1.3
0.02939435786151114,14.2,5.4,23.1,0.0,4.8,1.7
0.002761885973564805,13.5,6.0,22.4,0.0,4.9,1.8
0.001775498125863089,14.3,4.7,22.7,0.0,4.7,1.9
0.0037482738212665213,14.0,5.8,22.1,0.0,5.8,2.1
0.0003945551390806864,14.3,4.7,22.7,0.0,4.7,1.9
0.0,13.7,4.3,23.6,0.0,7.5,2.8
0.0003945551390806864,14.8,9.6,21.0,0.0,6.8,2.7
0.002761885973564805,14.8,9.6,21.0,0.0,6.8,2.7
0.0037482738212665213,13.6,5.5,20.6,0.0,6.0,2.6
0.0031564411126454917,13.6,5.5,20.6,0.0,6.0,2.6
0.0015782205563227457,13.6,5.5,20.6,0.0,6.0,2.6
0.019530479384493978,14.5,5.1,23.1,0.0,6.7,2.4
0.039258236338528305,15.9,6.6,25.3,0.0,6.5,1.8
0.000986387847701716,17.3,13.9,21.1,1.0,3.6,1.3
0.0,21.7,15.6,27.1,0.0,4.2,1.9
0.009666600907476819,21.6,14.6,28.9,0.0,3.4,1.5
0.009666600907476819,22.3,16.2,30.6,0.0,5.3,1.6
0.005721049516669954,20.7,16.0,27.0,0.0,5.1,1.3
0.0,20.7,16.0,27.0,0.0,5.1,1.3
0.00019727756954034323,24.4,21.0,30.0,0.0,4.8,2.6
0.002170053264943775,24.0,18.8,31.3,0.0,4.3,1.7
0.013612152298283681,18.2,12.5,28.1,0.0,4.9,2.3
0.001775498125863089,18.2,12.5,28.1,0.0,4.9,2.3
0.001775498125863089,18.4,10.6,28.3,0.0,5.4,2.0
0.001775498125863089,19.7,11.7,27.7,0.0,3.4,1.5
0.0037482738212665213,19.4,11.0,27.5,0.0,3.1,1.3
0.0037482738212665213,19.4,11.0,27.5,0.0,3.1,1.3
0.009666600907476819,20.4,10.9,29.1,0.0,3.5,1.4
0.0037482738212665213,17.9,7.1,29.1,0.0,4.2,1.2
0.009666600907476819,20.3,10.2,29.7,0.0,3.6,1.3
0.0,17.9,7.1,29.1,0.0,4.2,1.2
0.009666600907476819,15.3,9.5,21.6,0.0,7.8,3.2
0.000986387847701716,14.6,8.6,21.1,0.0,7.7,3.3
0.009666600907476819,14.6,8.6,21.1,0.0,7.7,3.3
0.001775498125863089,14.6,8.6,21.1,0.0,7.7,3.3
0.019530479384493978,12.7,5.2,18.4,0.0,8.0,3.2
0.002367330834484119,14.6,8.6,21.1,0.0,7.7,3.3
0.009666600907476819,7.1,-1.0,16.0,0.0,3.6,1.1
0.0037482738212665213,6.3,0.4,14.4,0.0,5.3,2.0
0.000986387847701716,19.5,11.6,29.1,0.0,3.7,1.2
0.0,22.1,16.2,27.6,0.0,4.1,1.7
0.00019727756954034323,20.0,14.3,28.1,0.0,2.5,0.8
0.0,22.1,15.8,29.9,0.0,3.4,1.1
0.0037482738212665213,19.8,14.1,27.4,0.0,3.3,1.1
0.0,20.5,12.8,29.7,0.0,3.8,1.0
0.0,18.9,10.5,28.2,0.0,2.6,1.0
0.001775498125863089,18.6,11.6,25.2,0.0,4.3,2.5
0.0,22.6,15.3,28.3,0.0,4.5,2.0
0.0037482738212665213,14.8,6.5,25.2,0.0,2.6,0.8
0.0,17.5,10.5,26.6,0.0,3.8,1.1
0.0003945551390806864,18.7,12.5,26.0,0.0,4.5,1.6
0.001775498125863089,11.3,8.5,17.3,6.6,7.0,1.5
0.0003945551390806864,15.4,8.7,22.3,0.0,6.9,2.4
0.0,19.3,15.0,24.4,7.1,4.4,1.6
0.0003945551390806864,16.8,9.0,25.5,0.0,3.6,1.2
0.001775498125863089,9.3,2.6,17.8,0.0,5.4,1.7
0.0,15.8,9.0,23.6,0.0,4.7,1.9
0.005721049516669954,17.3,11.3,26.7,0.0,3.1,0.7
0.005721049516669954,8.2,3.0,18.1,0.0,2.5,0.7
0.001775498125863089,-1.1,-3.4,2.6,0.0,4.7,2.2
0.0037482738212665213,0.4,-3.5,5.7,0.0,4.0,1.4
0.0003945551390806864,2.6,-1.4,8.5,0.0,3.9,2.2
0.006312882225290984,3.0,-6.2,11.4,0.0,3.1,1.0
0.000986387847701716,13.2,9.3,18.6,0.0,3.3,1.1
0.009666600907476819,12.4,9.4,17.8,0.0,4.0,2.3
0.002761885973564805,19.9,13.2,28.2,0.0,6.4,2.0
0.00019727756954034323,22.6,13.7,30.2,0.0,4.6,1.5
0.006312882225290984,22.6,12.7,31.3,0.0,3.3,1.5
0.0029591635431051484,22.1,16.2,29.0,0.0,4.2,1.9
0.000986387847701716,23.4,18.3,29.7,0.0,4.0,1.9
0.0013809429867824026,24.8,16.3,33.1,0.0,4.1,1.8
0.000986387847701716,24.6,16.8,32.5,0.0,4.0,1.6
0.0,6.2,1.4,11.5,0.2,5.7,2.4
0.002170053264943775,7.8,3.3,12.9,0.0,7.1,3.1
0.001775498125863089,7.6,0.7,13.9,0.0,5.1,2.5
0.0,7.8,3.3,12.9,0.0,7.1,3.1
0.001775498125863089,7.6,0.7,13.9,0.0,5.1,2.5
0.001775498125863089,7.6,0.7,13.9,0.0,5.1,2.5
0.001775498125863089,9.1,0.2,19.2,0.0,3.8,1.3
0.001775498125863089,10.8,2.5,20.3,0.0,4.2,1.6
0.0,12.0,1.5,21.5,0.0,3.7,1.5
0.00019727756954034323,9.1,0.2,19.2,0.0,3.8,1.3
0.001775498125863089,11.8,3.2,21.5,0.0,4.1,1.3
0.0037482738212665213,6.4,1.7,10.3,0.2,4.8,3.3
0.001775498125863089,3.3,-2.8,11.5,0.0,2.4,0.6
0.0005918327086210297,2.2,-1.5,6.7,0.0,2.9,0.7
0.0,5.4,2.0,11.1,1.5,5.9,1.9
0.0015782205563227457,5.5,1.7,12.9,0.1,4.3,1.7
0.013612152298283681,-1.5,-6.7,3.9,0.1,2.4,0.9
0.009666600907476819,-5.0,-9.1,0.0,0.0,4.0,2.0
0.002761885973564805,-5.1,-13.4,4.1,0.0,3.4,1.0
0.009666600907476819,-3.4,-10.1,3.7,0.0,4.0,1.2
0.002367330834484119,-3.1,-10.1,5.0,0.0,6.6,1.5
0.0,-2.7,-7.6,4.1,0.0,4.0,1.8
0.00019727756954034323,-4.5,-12.3,4.1,0.0,3.5,0.9
0.001775498125863089,-0.9,-7.1,6.8,0.0,5.4,1.9
0.0037482738212665213,1.2,-3.5,7.5,0.0,6.3,2.5
0.01163937660288025,-0.4,-8.0,9.4,0.0,3.0,0.9
0.01163937660288025,0.2,-8.3,10.2,0.0,1.8,0.7
0.015584927993687115,6.4,-3.9,15.7,0.4,4.6,1.1
0.001775498125863089,4.1,-6.1,13.9,0.2,1.7,0.6
0.005721049516669954,25.2,16.3,32.7,0.0,3.4,1.2
0.0,25.1,20.5,31.6,0.0,4.8,2.0
0.0005918327086210297,25.1,20.5,31.6,0.0,4.8,2.0
0.001775498125863089,26.9,19.0,34.7,0.0,4.2,1.6
0.005721049516669954,25.0,19.0,33.2,0.0,5.2,1.7
0.0015782205563227457,11.5,4.4,17.9,0.0,2.3,0.8
0.00019727756954034323,10.2,0.6,16.1,0.0,6.3,2.0
0.12803314263168275,7.4,1.0,15.8,5.9,6.2,2.2
0.0011836654172420595,0.6,-5.0,7.5,0.0,3.4,1.3
0.002761885973564805,0.6,-5.0,7.5,0.0,3.4,1.3
0.001775498125863089,0.6,-5.0,7.5,0.0,3.4,1.3
0.0003945551390806864,-0.3,-6.5,3.2,0.0,3.4,1.3
0.009666600907476819,14.9,9.3,22.1,0.0,4.7,2.0
0.00019727756954034323,14.5,6.3,22.5,0.0,4.5,1.5
0.0,14.1,8.8,22.1,0.0,5.7,2.1
0.005721049516669954,14.9,7.8,22.6,0.0,4.2,1.8
0.005721049516669954,15.3,5.9,23.7,0.0,5.0,1.6
0.001775498125863089,15.3,6.8,25.4,0.0,6.7,2.2
0.0,-0.3,-6.2,4.9,0.0,5.0,1.9
0.001775498125863089,-0.9,-6.2,5.0,0.0,6.9,2.3
0.05306766620635234,2.9,-3.8,7.9,0.0,4.2,1.7
0.0,0.6,-6.5,7.6,0.0,5.7,1.6
0.0,2.1,-0.6,6.3,0.5,3.8,1.2
0.000986387847701716,11.7,3.9,20.6,0.0,4.0,1.4
0.001775498125863089,10.2,0.8,18.5,0.0,4.2,1.5
0.015584927993687115,3.6,-2.4,11.0,0.0,3.8,1.4
0.0037482738212665213,4.9,-3.2,15.7,0.0,5.2,1.6
0.005721049516669954,7.1,1.2,15.5,0.0,5.2,1.8
0.0037482738212665213,7.2,1.2,15.3,0.0,3.8,1.4
0.001775498125863089,7.2,1.2,15.3,0.0,3.8,1.4
0.039258236338528305,7.6,0.6,15.6,0.0,4.5,1.6
0.0015782205563227457,7.2,1.2,15.3,0.0,3.8,1.4
0.0037482738212665213,8.5,0.3,14.8,0.2,4.4,2.2
0.000986387847701716,7.1,1.2,15.5,0.0,5.2,1.8
0.0015782205563227457,7.6,0.6,15.6,0.0,4.5,1.6
0.002367330834484119,-1.3,-4.3,3.8,0.0,5.2,3.0
0.00019727756954034323,-2.2,-8.0,4.9,0.0,3.9,0.9
0.0015782205563227457,1.8,-1.4,7.2,7.6,6.6,2.3
0.0,-3.0,-9.0,5.8,0.0,3.2,0.8
0.005721049516669954,15.3,5.9,23.7,0.0,5.0,1.6
0.0,15.3,6.8,25.4,0.0,6.7,2.2
0.0005918327086210297,16.0,5.4,25.3,0.0,3.0,1.4
0.0013809429867824026,14.3,4.2,24.5,0.0,4.4,1.5
0.0,17.0,7.2,26.9,0.0,4.6,1.4
0.01163937660288025,7.8,-2.1,17.3,0.0,2.8,0.9
0.005721049516669954,11.9,5.9,20.2,0.0,2.5,0.8
0.0003945551390806864,10.2,2.9,17.8,0.0,4.0,1.3
0.01163937660288025,10.1,1.6,17.6,0.0,4.8,1.9
0.00019727756954034323,10.2,2.9,17.8,0.0,4.0,1.3
0.0037482738212665213,9.6,2.4,17.5,0.0,3.8,1.4
0.01163937660288025,8.5,-0.6,16.1,0.0,4.8,2.2
0.001775498125863089,8.7,4.2,14.1,0.0,5.6,2.0
0.001775498125863089,6.9,-0.6,13.4,0.0,3.8,1.5
0.0037482738212665213,6.8,0.7,15.2,0.0,5.9,2.3
0.009666600907476819,6.9,-0.6,13.4,0.0,3.8,1.5
0.0015782205563227457,5.5,-3.0,13.8,0.0,5.6,1.9
0.017557703689090546,6.5,0.8,13.9,0.0,5.5,1.5
0.001775498125863089,9.2,0.6,17.9,0.0,3.1,0.7
0.005721049516669954,8.1,-1.6,18.0,0.0,2.7,1.0
0.001775498125863089,8.2,-2.8,17.8,0.0,4.2,1.3
0.0037482738212665213,8.3,-0.3,18.6,0.0,5.6,1.6
0.0037482738212665213,9.2,0.6,17.9,0.0,3.1,0.7
0.0005918327086210297,8.2,-2.8,17.8,0.0,4.2,1.3
0.005721049516669954,3.7,-2.6,9.4,0.0,5.5,2.7
0.0003945551390806864,-8.7,-11.6,-4.7,0.0,5.5,3.8
0.005721049516669954,-10.5,-13.8,-6.0,0.0,4.5,2.0
0.00019727756954034323,-9.9,-13.2,-5.3,0.0,4.8,2.2
0.005721049516669954,16.9,11.5,23.1,27.7,4.8,1.9
0.0,18.8,9.6,26.7,0.0,2.8,1.1
0.0007891102781613729,19.7,13.1,27.6,0.0,2.8,0.9
0.0,20.7,15.1,29.1,0.0,4.7,1.8
0.00019727756954034323,22.5,16.0,31.5,0.0,6.5,1.8
0.001775498125863089,22.3,16.2,31.2,0.0,3.7,1.5
0.001775498125863089,11.2,4.7,19.2,0.0,4.6,1.8
0.015584927993687115,11.2,4.7,19.2,0.0,4.6,1.8
0.001775498125863089,11.2,5.2,20.1,0.0,7.4,2.4
0.16354310514894455,12.7,3.1,24.0,0.0,5.4,1.6
0.001775498125863089,11.6,1.7,21.8,0.0,2.9,1.1
0.007693825212073386,13.1,4.2,22.2,0.0,3.4,0.8
0.000986387847701716,12.7,3.1,24.0,0.0,5.4,1.6
0.0510948905109489,14.2,3.0,25.3,0.0,3.8,1.3
0.019530479384493978,13.7,1.3,25.2,0.0,3.6,1.3
0.005721049516669954,14.2,3.0,25.3,0.0,3.8,1.3
0.005721049516669954,14.2,3.0,25.3,0.0,3.8,1.3
0.039258236338528305,14.6,4.7,23.4,0.0,6.2,1.8
0.019530479384493978,14.6,4.7,23.4,0.0,6.2,1.8
0.1378970211086999,14.6,4.7,23.4,0.0,6.2,1.8
0.0,26.3,19.7,33.7,0.0,4.0,1.6
0.0,25.5,21.0,30.2,0.3,3.8,1.7
0.01163937660288025,26.5,23.6,31.4,0.0,3.6,1.3
0.00019727756954034323,16.8,9.7,21.3,0.0,7.3,3.1
0.001775498125863089,11.7,6.3,19.1,1.0,5.0,2.0
0.009666600907476819,9.8,1.3,19.9,0.0,2.1,0.8
0.005721049516669954,9.8,1.3,19.9,0.0,2.1,0.8
0.00019727756954034323,7.8,-0.4,17.6,0.0,3.6,1.0
0.0,9.0,2.7,15.9,0.0,3.4,1.4
0.0,7.3,-0.8,17.8,0.0,2.9,0.9
0.001775498125863089,3.2,-2.7,10.1,0.0,3.3,1.3
0.0,2.3,-4.2,11.7,0.0,2.3,0.7
0.0,10.7,4.1,17.2,0.0,4.1,1.8
0.0,-3.8,-9.1,2.6,0.0,4.2,1.5
0.0037482738212665213,11.9,3.1,22.1,0.0,5.7,1.9
0.007496547642533043,10.8,2.3,20.1,0.0,4.8,2.1
0.0037482738212665213,9.6,0.2,19.0,0.0,5.4,2.1
0.0029591635431051484,11.7,4.2,20.6,0.0,5.1,2.3
0.009666600907476819,13.1,2.2,22.8,2.7,5.8,1.4
0.009666600907476819,14.4,5.4,23.6,4.2,4.7,0.7
0.01163937660288025,13.7,3.7,23.2,0.0,4.9,1.4
0.001775498125863089,14.4,5.4,23.6,4.2,4.7,0.7
0.009666600907476819,11.4,6.9,20.4,0.0,6.9,2.2
0.000986387847701716,14.6,8.8,22.9,0.0,5.1,2.2
0.039258236338528305,13.0,7.5,20.6,0.0,4.1,2.0
0.001775498125863089,15.3,10.0,22.8,0.0,5.5,1.6
0.0015782205563227457,12.9,7.1,19.8,0.0,4.4,1.6
0.006707437364371669,12.9,7.1,19.8,0.0,4.4,1.6
0.000986387847701716,11.9,4.9,20.8,0.0,3.1,1.6
0.009666600907476819,13.2,7.6,20.5,0.0,5.0,2.2
0.0003945551390806864,14.6,5.7,25.1,0.0,6.3,2.1
0.0013809429867824026,14.7,5.7,24.7,0.0,4.5,1.8
0.013612152298283681,14.4,6.5,22.2,29.5,5.7,2.1
0.001775498125863089,14.4,6.5,22.2,29.5,5.7,2.1
0.0,13.8,6.7,22.8,29.2,4.5,1.7
0.001775498125863089,15.3,10.3,22.6,0.0,4.4,2.0
0.002367330834484119,19.4,12.2,26.9,0.0,3.5,1.7
0.002367330834484119,-7.1,-14.0,1.0,0.0,2.8,1.0
0.0007891102781613729,-0.8,-6.8,6.0,0.0,3.0,0.8
0.0,-2.5,-6.2,3.7,0.0,10.6,1.7
0.0,-1.3,-5.8,2.9,0.0,6.7,3.1
0.0,-1.6,-7.1,4.6,0.0,5.0,2.2
0.0,0.7,-4.5,5.0,0.5,8.1,4.4
0.0,-2.6,-5.8,2.4,0.0,5.4,2.5
0.0007891102781613729,-2.6,-5.8,2.4,0.0,5.4,2.5
0.0,2.8,0.4,6.0,0.1,6.4,2.9
0.0031564411126454917,23.1,15.2,31.4,0.0,4.0,1.5
0.001775498125863089,22.6,16.1,29.1,0.0,4.4,1.8
0.000986387847701716,23.6,15.1,31.2,0.0,3.2,1.4
0.009469323337936476,23.6,15.1,31.2,0.0,3.2,1.4
0.01163937660288025,22.4,19.9,26.4,0.0,4.7,2.5
0.001775498125863089,23.6,17.3,31.0,0.0,5.1,1.7
0.0,28.0,22.6,34.2,0.0,4.5,1.2
0.0,1.9,-6.2,10.6,0.0,3.5,1.0
0.0,1.9,-6.2,10.6,0.0,3.5,1.0
0.0,3.8,-5.2,12.3,0.0,3.8,1.3
0.0,3.8,-5.2,12.3,0.0,3.8,1.3
0.0,7.1,-1.8,16.0,0.0,3.2,1.2
0.0037482738212665213,3.5,-4.2,8.7,0.0,6.9,3.4
0.0007891102781613729,-3.6,-6.8,0.8,0.0,7.6,4.5
0.0007891102781613729,-2.4,-6.0,1.3,0.0,7.3,4.6
0.0,-2.4,-6.2,1.4,0.0,6.6,4.6
0.00019727756954034323,-0.9,-9.0,8.3,0.0,7.9,3.0
0.0,0.3,-7.3,7.4,0.0,8.1,2.9
0.0,21.1,16.0,30.0,0.0,3.5,1.0
0.0003945551390806864,17.8,14.6,21.8,0.0,3.5,1.5
0.0003945551390806864,-1.8,-6.3,3.3,0.0,5.0,2.0
0.000986387847701716,1.4,-3.9,8.2,0.0,2.6,0.8
0.0003945551390806864,4.9,-0.5,8.9,0.0,6.4,2.7
0.0007891102781613729,-1.4,-4.8,5.1,0.0,3.9,1.7
0.0007891102781613729,-2.8,-6.6,1.2,0.0,4.0,2.0
0.0005918327086210297,-3.6,-8.8,1.4,0.0,4.8,1.7
0.000986387847701716,5.4,0.1,11.4,21.1,5.3,2.0
0.0037482738212665213,-2.4,-5.8,2.7,0.0,4.0,2.0
0.000986387847701716,7.2,0.4,15.5,0.0,3.9,0.9
0.0037482738212665213,6.4,-1.2,16.3,0.0,4.0,0.9
0.0007891102781613729,7.9,0.1,17.3,0.0,2.5,0.9
0.0013809429867824026,7.3,0.1,15.9,0.0,2.4,0.8
0.0,1.6,-5.9,7.7,0.0,5.9,1.9
0.0007891102781613729,5.1,-0.6,11.4,2.0,4.9,1.9
0.0,6.1,2.4,11.5,1.1,5.0,2.4
0.0,1.4,-6.4,10.8,0.0,3.8,1.3
0.0007891102781613729,3.9,-3.5,11.4,0.0,4.3,1.3
0.007693825212073386,3.9,-3.5,11.4,0.0,4.3,1.3
0.0,3.9,-3.5,11.4,0.0,4.3,1.3
0.0,1.4,-6.4,10.8,0.0,3.8,1.3
0.0,4.2,-1.9,11.6,0.0,4.4,1.5
0.0037482738212665213,3.9,-3.5,11.4,0.0,4.3,1.3
0.0,4.2,-1.9,11.6,0.0,4.4,1.5
0.0,4.7,-3.3,13.9,0.0,3.1,1.1
0.0,10.7,3.8,17.8,0.0,2.8,0.9
0.005721049516669954,-3.0,-11.1,4.7,0.0,3.6,1.2
0.005721049516669954,-2.3,-9.1,4.2,0.0,5.1,1.6
0.0,-0.6,-7.7,7.3,0.0,2.6,0.7
0.008680213059775102,4.1,-6.1,12.9,0.0,2.9,0.8
0.0037482738212665213,5.6,-4.4,12.6,0.3,5.5,1.6
0.000986387847701716,-0.9,-6.0,4.2,0.0,5.5,3.0
0.001775498125863089,2.1,-5.2,10.6,0.0,3.2,1.2
0.001775498125863089,4.4,-4.2,13.4,0.0,2.7,1.0
0.0,12.6,4.5,23.0,0.0,6.2,1.8
0.0005918327086210297,12.6,4.5,23.0,0.0,6.2,1.8
0.0007891102781613729,12.4,4.7,22.2,0.0,3.7,1.3
0.0,10.5,4.0,18.2,0.0,4.3,1.4
0.0,10.7,3.4,19.4,0.0,6.2,1.8
0.0,10.5,4.0,18.2,0.0,4.3,1.4
0.0007891102781613729,10.8,2.4,19.3,0.0,4.4,1.3
0.0007891102781613729,10.7,3.4,19.4,0.0,6.2,1.8
0.0,10.8,2.4,19.3,0.0,4.4,1.3
0.0,5.3,-2.0,13.8,0.0,6.9,2.6
0.009666600907476819,5.3,-2.0,13.8,0.0,6.9,2.6
0.0,7.6,1.9,16.7,0.0,8.1,3.4
0.0037482738212665213,5.3,-2.0,13.8,0.0,6.9,2.6
0.9999999999999999,8.2,1.9,16.5,0.0,6.6,2.7
0.039258236338528305,5.3,-2.0,13.8,0.0,6.9,2.6
0.001775498125863089,7.2,1.9,15.0,0.0,7.4,2.9
0.00019727756954034323,8.5,1.5,16.0,0.0,6.5,3.0
0.0,7.2,1.9,15.0,0.0,7.4,2.9
0.00019727756954034323,8.5,1.5,16.0,0.0,6.5,3.0
0.039258236338528305,7.6,1.9,16.7,0.0,8.1,3.4
0.0,5.3,-2.0,13.8,0.0,6.9,2.6
0.09646873150522785,8.5,1.5,16.0,0.0,6.5,3.0
0.00019727756954034323,8.5,1.5,16.0,0.0,6.5,3.0
0.0037482738212665213,7.6,1.9,16.7,0.0,8.1,3.4
0.0,5.3,0.9,9.7,0.0,6.8,3.4
0.0,5.6,-0.8,10.9,0.0,6.3,3.2
0.0029591635431051484,0.7,-5.6,6.1,0.0,6.4,2.8
0.0,3.2,-3.5,10.1,0.0,6.8,2.8
0.0007891102781613729,4.2,-3.9,12.3,0.0,4.1,1.7
0.001775498125863089,4.1,-3.9,13.5,0.0,5.6,1.7
0.001775498125863089,4.2,-3.9,12.3,0.0,4.1,1.7
0.005721049516669954,4.2,-2.7,12.2,0.0,4.8,1.5
0.014006707437364369,5.9,-2.9,17.3,0.0,5.2,1.3
0.0003945551390806864,5.8,-3.6,15.8,0.0,3.5,1.2
0.009666600907476819,5.9,-2.4,16.7,0.0,4.8,1.1
0.0015782205563227457,5.9,-2.4,16.7,0.0,4.8,1.1
0.004340106529887551,5.9,-2.4,16.7,0.0,4.8,1.1
0.0003945551390806864,5.9,-2.4,16.7,0.0,4.8,1.1
0.005721049516669954,5.8,-3.6,15.8,0.0,3.5,1.2
0.009666600907476819,7.3,-1.1,15.4,0.0,4.2,1.5
0.001775498125863089,7.7,1.4,13.8,0.0,4.6,2.3
0.0007891102781613729,5.6,-0.8,10.9,0.0,6.3,3.2
0.0,4.5,-2.7,12.2,0.0,7.9,3.3
0.0,2.9,-6.8,12.6,0.0,5.0,1.5
0.0,2.9,-6.8,12.6,0.0,5.0,1.5
0.0037482738212665213,4.6,-1.9,12.0,0.0,4.8,1.8
0.06490432037877292,4.6,-3.6,14.3,0.0,5.7,1.9
0.0,6.1,-1.2,14.0,0.0,4.4,1.7
0.0,6.1,-1.2,14.0,0.0,4.4,1.7
0.00019727756954034323,6.2,-3.3,15.0,0.0,3.9,1.5
0.0,8.1,-2.1,16.8,0.0,4.2,1.8
0.0,8.1,-2.1,16.8,0.0,4.2,1.8
0.002170053264943775,8.6,-0.5,17.9,0.0,4.6,1.7
0.00019727756954034323,9.2,-0.5,17.9,0.0,3.8,1.6
0.001775498125863089,8.7,-1.1,18.4,0.0,5.3,1.9
0.0007891102781613729,9.2,-0.5,17.9,0.0,3.8,1.6
0.0,9.6,-1.5,18.7,0.0,4.1,1.3
0.023476030775300843,8.7,-1.1,18.4,0.0,5.3,1.9
0.0015782205563227457,5.3,-2.8,13.3,0.0,3.4,1.2
0.0037482738212665213,5.4,-3.1,14.7,0.0,4.3,1.4
0.005721049516669954,5.4,-3.1,14.7,0.0,4.3,1.4
0.001775498125863089,5.7,-2.6,13.6,0.0,3.9,1.5
0.001775498125863089,5.7,-2.6,13.6,0.0,3.9,1.5
0.0007891102781613729,6.5,-0.7,15.9,0.0,4.3,1.5
0.0007891102781613729,6.4,1.1,15.8,0.0,4.6,1.3
0.01163937660288025,8.8,3.3,16.9,0.0,5.0,1.7
0.005721049516669954,8.0,3.4,16.9,0.0,5.4,1.7
0.0003945551390806864,8.9,3.7,17.5,0.0,6.7,2.1
0.001775498125863089,8.8,3.3,16.9,0.0,5.0,1.7
0.005721049516669954,8.8,2.1,17.9,0.0,4.9,1.6
0.0037482738212665213,8.8,2.1,17.9,0.0,4.9,1.6
0.05898599329256263,6.4,1.1,15.8,0.0,4.6,1.3
0.0007891102781613729,8.8,3.3,16.9,0.0,5.0,1.7
0.00019727756954034323,8.8,3.3,16.9,0.0,5.0,1.7
0.039258236338528305,8.8,3.3,16.9,0.0,5.0,1.7
0.002761885973564805,8.8,3.3,16.9,0.0,5.0,1.7
0.025448806470704275,8.7,-0.9,19.4,0.0,3.0,1.1
